episode,steps,reward,avg_reward_100,success_rate_100,epsilon,avg_loss,aligned
1,800,-201.4544,-201.4544,0.0000,0.9992,0.000000,0
2,800,-167.9488,-184.7016,0.0000,0.9985,0.000000,0
3,800,-174.7191,-181.3741,0.0000,0.9977,0.000000,0
4,800,-186.3650,-182.6218,0.0000,0.9970,0.000000,0
5,800,-238.4570,-193.7889,0.0000,0.9962,0.000000,0
6,800,-138.3945,-184.5565,0.0000,0.9954,0.000000,0
7,800,-194.0473,-185.9123,0.0000,0.9947,0.220641,0
8,800,-145.9914,-180.9222,0.0000,0.9939,0.099616,0
9,800,-159.1802,-178.5064,0.0000,0.9932,0.065277,0
10,800,-148.4089,-175.4967,0.0000,0.9924,0.046262,0
11,800,-227.1497,-180.1924,0.0000,0.9916,0.033665,0
12,800,-195.3440,-181.4550,0.0000,0.9909,0.037161,0
13,800,-179.5216,-181.3063,0.0000,0.9901,0.047875,0
14,800,-192.3835,-182.0975,0.0000,0.9894,0.052926,0
15,800,-189.2356,-182.5734,0.0000,0.9886,0.053947,0
16,800,-170.6165,-181.8261,0.0000,0.9878,0.048413,0
17,800,-204.2199,-183.1434,0.0000,0.9871,0.053775,0
18,800,-238.9164,-186.2419,0.0000,0.9863,0.051746,0
19,800,-215.4493,-187.7791,0.0000,0.9856,0.049102,0
20,800,-171.4161,-186.9610,0.0000,0.9848,0.052110,0
21,800,-146.7426,-185.0458,0.0000,0.9840,0.051954,0
22,800,-145.1838,-183.2339,0.0000,0.9833,0.056936,0
23,800,-184.4973,-183.2888,0.0000,0.9825,0.056089,0
24,800,-170.9633,-182.7753,0.0000,0.9818,0.055557,0
25,800,-183.6647,-182.8108,0.0000,0.9810,0.055968,0
26,800,-145.8180,-181.3880,0.0000,0.9802,0.053967,0
27,800,-173.1168,-181.0817,0.0000,0.9795,0.050786,0
28,800,-181.1407,-181.0838,0.0000,0.9787,0.054747,0
29,800,-236.0972,-182.9808,0.0000,0.9780,0.052294,0
30,800,-158.6635,-182.1702,0.0000,0.9772,0.053501,0
31,800,-166.5363,-181.6659,0.0000,0.9764,0.045882,0
32,800,-134.8560,-180.2031,0.0000,0.9757,0.050479,0
33,800,-108.3104,-178.0245,0.0000,0.9749,0.053506,0
34,800,-150.0248,-177.2010,0.0000,0.9742,0.048019,0
35,800,-168.9787,-176.9661,0.0000,0.9734,0.045143,0
36,800,-144.4469,-176.0628,0.0000,0.9726,0.043455,0
37,800,-75.3642,-173.3412,0.0000,0.9719,0.051738,0
38,800,-145.4354,-172.6068,0.0000,0.9711,0.051351,0
39,800,-150.3444,-172.0360,0.0000,0.9704,0.055124,0
40,800,-156.0195,-171.6356,0.0000,0.9696,0.057418,0
41,800,-135.9376,-170.7649,0.0000,0.9688,0.057468,0
42,800,-141.5577,-170.0695,0.0000,0.9681,0.050288,0
43,800,-189.5982,-170.5237,0.0000,0.9673,0.059276,0
44,800,-104.9823,-169.0341,0.0000,0.9666,0.050584,0
45,800,-145.3530,-168.5078,0.0000,0.9658,0.053145,0
46,800,-116.5269,-167.3778,0.0000,0.9650,0.052991,0
47,800,-166.6176,-167.3616,0.0000,0.9643,0.050519,0
48,800,-141.3179,-166.8191,0.0000,0.9635,0.047216,0
49,800,-148.8363,-166.4521,0.0000,0.9628,0.049982,0
50,800,-162.3080,-166.3692,0.0000,0.9620,0.051169,0
51,800,-134.0809,-165.7361,0.0000,0.9612,0.052946,0
52,800,-106.4461,-164.5959,0.0000,0.9605,0.054068,0
53,800,-109.6178,-163.5586,0.0000,0.9597,0.054607,0
54,800,-137.0389,-163.0675,0.0000,0.9590,0.049826,0
55,800,-86.2297,-161.6704,0.0000,0.9582,0.053785,0
56,800,-147.4750,-161.4169,0.0000,0.9574,0.050782,0
57,800,-137.7576,-161.0018,0.0000,0.9567,0.049065,0
58,800,-180.6675,-161.3409,0.0000,0.9559,0.047533,0
59,800,-114.4981,-160.5470,0.0000,0.9552,0.048660,0
60,800,-96.4316,-159.4784,0.0000,0.9544,0.048035,0
61,800,-146.9336,-159.2727,0.0000,0.9536,0.046819,0
62,800,-139.7413,-158.9577,0.0000,0.9529,0.048461,0
63,800,-122.9663,-158.3864,0.0000,0.9521,0.044287,0
64,800,-139.4378,-158.0903,0.0000,0.9514,0.044059,0
65,800,-107.8977,-157.3181,0.0000,0.9506,0.044732,0
66,800,-167.9802,-157.4797,0.0000,0.9498,0.042896,0
67,800,-115.5464,-156.8538,0.0000,0.9491,0.046493,0
68,800,-156.7060,-156.8516,0.0000,0.9483,0.044261,0
69,207,-10.2469,-154.7269,0.0145,0.9481,0.046545,1
70,800,-193.3162,-155.2782,0.0143,0.9474,0.044880,0
71,800,-171.6112,-155.5083,0.0141,0.9466,0.046450,0
72,221,9.7553,-153.2129,0.0278,0.9464,0.052552,1
73,800,-166.0087,-153.3882,0.0274,0.9456,0.045044,0
74,800,-170.1318,-153.6145,0.0270,0.9449,0.045897,0
75,800,-146.7227,-153.5226,0.0267,0.9441,0.043250,0
76,800,-139.7251,-153.3410,0.0263,0.9434,0.048699,0
77,800,-157.4789,-153.3948,0.0260,0.9426,0.046738,0
78,800,-157.2512,-153.4442,0.0256,0.9418,0.048675,0
79,800,-151.6856,-153.4220,0.0253,0.9411,0.047556,0
80,800,-112.4018,-152.9092,0.0250,0.9403,0.048203,0
81,800,-141.2469,-152.7652,0.0247,0.9396,0.046628,0
82,800,-137.7355,-152.5819,0.0244,0.9388,0.046347,0
83,800,-102.2960,-151.9761,0.0241,0.9380,0.046363,0
84,328,-31.0070,-150.5360,0.0357,0.9377,0.046221,1
85,800,-89.5794,-149.8188,0.0353,0.9370,0.048006,0
86,800,-112.0862,-149.3801,0.0349,0.9362,0.047478,0
87,800,-139.3334,-149.2646,0.0345,0.9354,0.048946,0
88,800,-111.5425,-148.8359,0.0341,0.9347,0.049401,0
89,800,-165.3972,-149.0220,0.0337,0.9339,0.049736,0
90,800,-129.1426,-148.8011,0.0333,0.9332,0.050697,0
91,800,-140.9193,-148.7145,0.0330,0.9324,0.049314,0
92,800,-97.1660,-148.1542,0.0326,0.9316,0.043676,0
93,800,-141.1049,-148.0784,0.0323,0.9309,0.049802,0
94,65,26.6201,-146.2199,0.0426,0.9308,0.042232,1
95,800,-120.0078,-145.9440,0.0421,0.9301,0.049629,0
96,800,-154.6178,-146.0344,0.0417,0.9293,0.049205,0
97,800,-136.7391,-145.9385,0.0412,0.9285,0.047857,0
98,800,-121.1645,-145.6857,0.0408,0.9278,0.052101,0
99,800,-111.3301,-145.3387,0.0404,0.9270,0.049483,0
100,800,-148.5846,-145.3712,0.0400,0.9263,0.051146,0
101,800,-124.6644,-144.6033,0.0400,0.9255,0.048447,0
102,800,-147.4253,-144.3980,0.0400,0.9247,0.049858,0
103,800,-170.3413,-144.3543,0.0400,0.9240,0.049984,0
104,800,-138.3989,-143.8746,0.0400,0.9232,0.050297,0
105,800,-130.3159,-142.7932,0.0400,0.9225,0.048363,0
106,800,-81.0125,-142.2194,0.0400,0.9217,0.049245,0
107,449,-41.1389,-140.6903,0.0500,0.9213,0.054158,1
108,800,-170.1904,-140.9323,0.0500,0.9205,0.052766,0
109,800,-145.5069,-140.7955,0.0500,0.9198,0.051358,0
110,800,-123.3567,-140.5450,0.0500,0.9190,0.047675,0
111,800,-117.3897,-139.4474,0.0500,0.9182,0.048170,0
112,800,-163.1014,-139.1250,0.0500,0.9175,0.048898,0
113,800,-158.1462,-138.9112,0.0500,0.9167,0.046707,0
114,800,-131.1841,-138.2992,0.0500,0.9160,0.049318,0
115,800,-115.3904,-137.5608,0.0500,0.9152,0.046591,0
116,800,-114.9246,-137.0039,0.0500,0.9144,0.050034,0
117,800,-138.4990,-136.3467,0.0500,0.9137,0.048011,0
118,800,-97.7766,-134.9353,0.0500,0.9129,0.049910,0
119,800,-102.4027,-133.8048,0.0500,0.9122,0.050578,0
120,800,-164.2072,-133.7327,0.0500,0.9114,0.047971,0
121,800,-115.9330,-133.4246,0.0500,0.9106,0.051263,0
122,800,-151.1261,-133.4840,0.0500,0.9099,0.048557,0
123,800,-139.5147,-133.0342,0.0500,0.9091,0.048102,0
124,800,-179.5247,-133.1198,0.0500,0.9084,0.051423,0
125,800,-176.1789,-133.0450,0.0500,0.9076,0.050529,0
126,800,-147.5913,-133.0627,0.0500,0.9068,0.048138,0
127,800,-86.1355,-132.1929,0.0500,0.9061,0.049139,0
128,800,-134.0904,-131.7224,0.0500,0.9053,0.047546,0
129,800,-99.1936,-130.3533,0.0500,0.9046,0.051202,0
130,800,-142.2755,-130.1895,0.0500,0.9038,0.048981,0
131,800,-122.7245,-129.7513,0.0500,0.9030,0.050373,0
132,800,-75.5963,-129.1588,0.0500,0.9023,0.047085,0
133,800,-152.3812,-129.5995,0.0500,0.9015,0.048495,0
134,800,-114.0590,-129.2398,0.0500,0.9008,0.048447,0
135,800,-153.0498,-129.0805,0.0500,0.9000,0.048371,0
136,800,-148.8488,-129.1245,0.0500,0.8992,0.051603,0
137,800,-142.1956,-129.7928,0.0500,0.8985,0.051714,0
138,800,-69.8362,-129.0369,0.0500,0.8977,0.047338,0
139,766,-86.6886,-128.4003,0.0600,0.8970,0.054088,1
140,800,-88.7452,-127.7276,0.0600,0.8962,0.050285,0
141,800,-166.4915,-128.0331,0.0600,0.8955,0.050191,0
142,800,-154.7879,-128.1654,0.0600,0.8947,0.052223,0
143,800,-109.1416,-127.3608,0.0600,0.8939,0.051414,0
144,800,-110.3007,-127.4140,0.0600,0.8932,0.051157,0
145,800,-157.7188,-127.5377,0.0600,0.8924,0.056083,0
146,800,-153.5518,-127.9079,0.0600,0.8917,0.049575,0
147,800,-179.5141,-128.0369,0.0600,0.8909,0.050916,0
148,800,-98.2233,-127.6059,0.0600,0.8901,0.047702,0
149,800,-126.3248,-127.3808,0.0600,0.8894,0.048254,0
150,800,-94.7133,-126.7049,0.0600,0.8886,0.049635,0
151,800,-102.1587,-126.3857,0.0600,0.8879,0.049608,0
152,800,-74.1924,-126.0631,0.0600,0.8871,0.049100,0
153,800,-131.8361,-126.2853,0.0600,0.8863,0.049366,0
154,800,-174.6211,-126.6611,0.0600,0.8856,0.047700,0
155,800,-133.9457,-127.1383,0.0600,0.8848,0.048801,0
156,800,-137.8697,-127.0422,0.0600,0.8841,0.052695,0
157,800,-84.0390,-126.5050,0.0600,0.8833,0.048134,0
158,800,-122.5092,-125.9235,0.0600,0.8825,0.048756,0
159,800,-149.2203,-126.2707,0.0600,0.8818,0.051736,0
160,800,-177.3521,-127.0799,0.0600,0.8810,0.051028,0
161,800,-129.3019,-126.9036,0.0600,0.8803,0.049376,0
162,800,-100.0020,-126.5062,0.0600,0.8795,0.049835,0
163,538,-36.1769,-125.6383,0.0700,0.8790,0.052620,1
164,800,-98.4862,-125.2288,0.0700,0.8782,0.053453,0
165,800,-174.8833,-125.8986,0.0700,0.8775,0.051346,0
166,800,-171.4966,-125.9338,0.0700,0.8767,0.049088,0
167,349,-8.9216,-124.8675,0.0800,0.8764,0.049838,1
168,800,-130.2408,-124.6029,0.0800,0.8756,0.050998,0
169,800,-132.4918,-125.8253,0.0700,0.8749,0.050514,0
170,800,-132.2712,-125.2149,0.0700,0.8741,0.053075,0
171,800,-99.9636,-124.4984,0.0700,0.8733,0.051730,0
172,800,-139.9635,-125.9956,0.0600,0.8726,0.051147,0
173,800,-143.0530,-125.7660,0.0600,0.8718,0.052914,0
174,800,-140.9510,-125.4742,0.0600,0.8711,0.051548,0
175,800,-129.9066,-125.3061,0.0600,0.8703,0.048137,0
176,800,-151.3842,-125.4227,0.0600,0.8695,0.054789,0
177,800,-151.8407,-125.3663,0.0600,0.8688,0.049126,0
178,800,-94.3325,-124.7371,0.0600,0.8680,0.051971,0
179,68,60.3812,-122.6164,0.0700,0.8680,0.048589,1
180,800,-149.7577,-122.9900,0.0700,0.8672,0.050486,0
181,800,-101.9835,-122.5974,0.0700,0.8664,0.052894,0
182,800,-170.6039,-122.9260,0.0700,0.8657,0.051545,0
183,800,-130.3469,-123.2065,0.0700,0.8649,0.055477,0
184,800,-154.9017,-124.4455,0.0600,0.8642,0.051828,0
185,127,-6.0553,-123.6103,0.0700,0.8640,0.045673,1
186,800,-159.5947,-124.0853,0.0700,0.8633,0.049373,0
187,769,-126.3573,-123.9556,0.0800,0.8625,0.052892,1
188,233,-27.7280,-123.1174,0.0900,0.8623,0.052320,1
189,800,-147.8049,-122.9415,0.0900,0.8616,0.051796,0
190,800,-156.6901,-123.2170,0.0900,0.8608,0.050566,0
191,800,-131.3920,-123.1217,0.0900,0.8600,0.053366,0
192,800,-134.3667,-123.4937,0.0900,0.8593,0.052802,0
193,800,-118.5953,-123.2686,0.0900,0.8585,0.051593,0
194,800,-148.4000,-125.0188,0.0800,0.8578,0.051902,0
195,800,-113.9657,-124.9584,0.0800,0.8570,0.048895,0
196,800,-171.5595,-125.1278,0.0800,0.8562,0.048962,0
197,800,-90.4186,-124.6646,0.0800,0.8555,0.051541,0
198,800,-93.6774,-124.3897,0.0800,0.8547,0.053781,0
199,800,-147.6137,-124.7526,0.0800,0.8540,0.051748,0
200,800,-110.6250,-124.3730,0.0800,0.8532,0.051096,0
201,800,-125.8228,-124.3846,0.0800,0.8524,0.051458,0
202,800,-154.3172,-124.4535,0.0800,0.8517,0.050371,0
203,800,-146.0054,-124.2101,0.0800,0.8509,0.050981,0
204,631,-96.7411,-123.7935,0.0900,0.8503,0.052047,1
205,800,-100.1805,-123.4922,0.0900,0.8496,0.049922,0
206,800,-83.9536,-123.5216,0.0900,0.8488,0.049796,0
207,495,-48.3107,-123.5933,0.0900,0.8483,0.051831,1
208,800,-84.9680,-122.7411,0.0900,0.8476,0.050728,0
209,800,-85.7759,-122.1438,0.0900,0.8468,0.052117,0
210,800,-68.0696,-121.5909,0.0900,0.8461,0.050192,0
211,800,-125.3918,-121.6709,0.0900,0.8453,0.049497,0
212,475,-50.9323,-120.5492,0.1000,0.8448,0.052487,1
213,800,-119.9912,-120.1677,0.1000,0.8441,0.049040,0
214,800,-141.6205,-120.2721,0.1000,0.8433,0.049610,0
215,800,-101.8084,-120.1362,0.1000,0.8426,0.049754,0
216,800,-141.4070,-120.4011,0.1000,0.8418,0.052403,0
217,233,-4.9308,-119.0654,0.1100,0.8416,0.048448,1
218,800,-138.8701,-119.4763,0.1100,0.8408,0.047891,0
219,551,-58.2193,-119.0345,0.1200,0.8403,0.050101,1
220,800,-87.5075,-118.2675,0.1200,0.8395,0.049409,0
221,800,-137.8366,-118.4865,0.1200,0.8388,0.050127,0
222,800,-149.8769,-118.4740,0.1200,0.8380,0.051307,0
223,436,-21.1666,-117.2906,0.1300,0.8376,0.048839,1
224,800,-75.4914,-116.2502,0.1300,0.8368,0.051968,0
225,624,-108.2032,-115.5705,0.1400,0.8363,0.049148,1
226,800,-95.4692,-115.0492,0.1400,0.8355,0.050731,0
227,800,-96.5980,-115.1539,0.1400,0.8347,0.048599,0
228,800,-136.0593,-115.1736,0.1400,0.8340,0.050539,0
229,425,-40.6892,-114.5885,0.1500,0.8336,0.050689,1
230,800,-129.4493,-114.4602,0.1500,0.8328,0.048814,0
231,328,-50.0508,-113.7335,0.1600,0.8325,0.052610,1
232,773,-122.3491,-114.2010,0.1700,0.8318,0.046439,1
233,800,-143.8830,-114.1161,0.1700,0.8310,0.049897,0
234,800,-148.4573,-114.4600,0.1700,0.8302,0.047953,0
235,800,-130.8732,-114.2383,0.1700,0.8295,0.047479,0
236,800,-173.6039,-114.4858,0.1700,0.8287,0.047932,0
237,800,-142.4832,-114.4887,0.1700,0.8280,0.049071,0
238,254,19.2172,-113.5982,0.1800,0.8277,0.049697,1
239,494,-68.3144,-113.4144,0.1800,0.8273,0.048110,1
240,339,13.9548,-112.3874,0.1900,0.8269,0.045296,1
241,622,-92.7340,-111.6499,0.2000,0.8263,0.045334,1
242,493,-89.5210,-110.9972,0.2100,0.8259,0.046510,1
243,355,-20.7681,-110.1134,0.2200,0.8255,0.044852,1
244,800,-92.2368,-109.9328,0.2200,0.8248,0.046349,0
245,800,-75.8939,-109.1146,0.2200,0.8240,0.045094,0
246,219,-13.8200,-107.7172,0.2300,0.8238,0.042529,1
247,377,-27.9764,-106.2019,0.2400,0.8234,0.048211,1
248,800,-59.9770,-105.8194,0.2400,0.8227,0.043556,0
249,439,-50.1570,-105.0577,0.2500,0.8223,0.045407,1
250,651,-87.6329,-104.9869,0.2600,0.8217,0.044804,1
251,800,-72.8163,-104.6935,0.2600,0.8209,0.045872,0
252,699,-98.1240,-104.9328,0.2700,0.8202,0.044567,1
253,448,-46.2504,-104.0770,0.2800,0.8198,0.043299,1
254,800,-155.9561,-103.8903,0.2800,0.8190,0.045447,0
255,215,-3.4097,-102.5849,0.2900,0.8188,0.043428,1
256,800,-147.3555,-102.6798,0.2900,0.8181,0.044301,0
257,800,-146.5111,-103.3045,0.2900,0.8173,0.044844,0
258,800,-125.9891,-103.3393,0.2900,0.8166,0.043480,0
259,261,26.5696,-101.5814,0.3000,0.8163,0.044623,1
260,800,-147.3058,-101.2810,0.3000,0.8156,0.043927,0
261,800,-123.9701,-101.2276,0.3000,0.8148,0.043284,0
262,553,-3.5374,-100.2630,0.3100,0.8143,0.044361,1
263,243,-20.3294,-100.1045,0.3100,0.8140,0.042507,1
264,800,-103.4931,-100.1546,0.3100,0.8133,0.042146,0
265,419,-38.3337,-98.7891,0.3200,0.8129,0.041379,1
266,568,-80.6909,-97.8810,0.3300,0.8123,0.042148,1
267,800,-78.4177,-98.5760,0.3200,0.8116,0.043407,0
268,227,-28.7595,-97.5612,0.3300,0.8114,0.039514,1
269,344,-29.0650,-96.5269,0.3400,0.8110,0.042941,1
270,640,-24.6695,-95.4509,0.3500,0.8104,0.042254,1
271,352,-22.4974,-94.6762,0.3600,0.8101,0.042324,1
272,224,-19.7577,-93.4742,0.3700,0.8099,0.038851,1
273,368,-11.0917,-92.1546,0.3800,0.8095,0.041637,1
274,559,-43.7013,-91.1821,0.3900,0.8090,0.041525,1
275,800,-86.9318,-90.7523,0.3900,0.8082,0.041725,0
276,475,-37.2827,-89.6113,0.4000,0.8078,0.041503,1
277,234,6.7796,-88.0251,0.4100,0.8076,0.040461,1
278,800,-68.6935,-87.7687,0.4100,0.8068,0.041816,0
279,794,-105.1051,-89.4236,0.4100,0.8061,0.041443,1
280,283,-11.0202,-88.0362,0.4200,0.8058,0.042717,1
281,242,9.0461,-86.9259,0.4300,0.8056,0.039872,1
282,575,-57.0278,-85.7901,0.4400,0.8050,0.040473,1
283,800,-90.1291,-85.3880,0.4400,0.8042,0.042988,0
284,541,-34.7566,-84.1865,0.4500,0.8037,0.039736,1
285,372,-33.2677,-84.4586,0.4500,0.8034,0.042155,1
286,500,-61.2607,-83.4753,0.4600,0.8029,0.040997,1
287,667,-91.3369,-83.1251,0.4600,0.8023,0.042705,1
288,434,-58.9937,-83.4378,0.4600,0.8019,0.041955,1
289,514,-2.8488,-81.9882,0.4700,0.8014,0.041065,1
290,800,-109.9659,-81.5210,0.4700,0.8006,0.039076,0
291,601,-75.5999,-80.9630,0.4800,0.8000,0.042489,1
292,345,12.0367,-79.4990,0.4900,0.7997,0.040727,1
293,322,-28.5274,-78.5983,0.5000,0.7994,0.038399,1
294,347,6.6948,-77.0474,0.5100,0.7991,0.040619,1
295,576,-87.2315,-76.7800,0.5200,0.7985,0.040838,1
296,495,-78.1064,-75.8455,0.5300,0.7981,0.043373,1
297,800,-135.4256,-76.2956,0.5300,0.7973,0.041402,0
298,237,-26.4481,-75.6233,0.5400,0.7971,0.042061,1
299,516,-37.7443,-74.5246,0.5500,0.7966,0.041483,1
300,221,37.0244,-73.0481,0.5600,0.7964,0.040548,1
301,800,-143.6985,-73.2268,0.5600,0.7956,0.042473,0
302,759,-86.0071,-72.5437,0.5700,0.7949,0.041624,1
303,476,-35.3984,-71.4377,0.5800,0.7944,0.042101,1
304,302,15.5213,-70.3151,0.5800,0.7942,0.046377,1
305,634,-55.7096,-69.8703,0.5900,0.7935,0.045516,1
306,800,-82.1851,-69.8527,0.5900,0.7928,0.043575,0
307,800,-146.6785,-70.8363,0.5800,0.7920,0.045021,0
308,419,31.1984,-69.6747,0.5900,0.7916,0.046628,1
309,564,-81.3158,-69.6301,0.6000,0.7911,0.046227,1
310,257,-19.7987,-69.1474,0.6100,0.7909,0.041343,1
311,136,18.3122,-67.7103,0.6200,0.7907,0.050252,1
312,448,-55.1263,-67.7523,0.6200,0.7903,0.042359,1
313,204,-4.7295,-66.5996,0.6300,0.7901,0.045640,1
314,363,26.4977,-64.9185,0.6400,0.7898,0.047111,1
315,745,-78.8092,-64.6885,0.6500,0.7891,0.045066,1
316,89,6.3141,-63.2113,0.6600,0.7890,0.042603,1
317,574,-10.8925,-63.2709,0.6600,0.7884,0.043760,1
318,220,8.4367,-61.7978,0.6700,0.7882,0.047439,1
319,165,-6.7667,-61.2833,0.6700,0.7881,0.044064,1
320,541,-39.8067,-60.8063,0.6800,0.7875,0.045193,1
321,791,-97.3538,-60.4014,0.6900,0.7868,0.048156,1
322,159,26.3628,-58.6391,0.7000,0.7866,0.044701,1
323,176,-8.1901,-58.5093,0.7000,0.7865,0.043597,1
324,165,-8.7479,-57.8419,0.7100,0.7863,0.044242,1
325,249,44.6250,-56.3136,0.7100,0.7861,0.049028,1
326,373,-17.2241,-55.5311,0.7200,0.7857,0.047244,1
327,595,-82.8017,-55.3932,0.7300,0.7852,0.045082,1
328,423,-20.9094,-54.2417,0.7400,0.7848,0.047333,1
329,152,26.9793,-53.5650,0.7400,0.7846,0.049178,1
330,592,-100.2453,-53.2729,0.7500,0.7840,0.046532,1
331,461,-24.1258,-53.0137,0.7500,0.7836,0.049304,1
332,239,13.4698,-51.6555,0.7500,0.7834,0.049340,1
333,507,-58.4641,-50.8013,0.7600,0.7829,0.047593,1
334,247,-8.5274,-49.4020,0.7700,0.7827,0.046275,1
335,800,-88.4331,-48.9776,0.7700,0.7819,0.048889,0
336,536,-68.7145,-47.9287,0.7800,0.7814,0.049132,1
337,642,-82.6310,-47.3302,0.7900,0.7808,0.049603,1
338,434,-4.1721,-47.5641,0.7900,0.7804,0.052134,1
339,409,23.2817,-46.6481,0.7900,0.7800,0.048992,1
340,362,28.3230,-46.5044,0.7900,0.7796,0.050063,1
341,372,-38.2538,-45.9596,0.7900,0.7793,0.050544,1
342,257,-12.5517,-45.1899,0.7900,0.7790,0.050000,1
343,222,24.0388,-44.7419,0.7900,0.7788,0.045904,1
344,169,72.7944,-43.0916,0.8000,0.7787,0.049351,1
345,382,-44.4640,-42.7773,0.8100,0.7783,0.046555,1
346,500,-18.7479,-42.8265,0.8100,0.7778,0.050404,1
347,214,37.0134,-42.1766,0.8100,0.7776,0.052497,1
348,669,-94.2570,-42.5194,0.8200,0.7770,0.050744,1
349,177,33.5595,-41.6823,0.8200,0.7768,0.046759,1
350,126,-6.4561,-40.8705,0.8200,0.7767,0.049021,1
351,338,23.4608,-39.9077,0.8300,0.7764,0.053200,1
352,758,-88.9422,-39.8159,0.8300,0.7757,0.050799,1
353,296,10.6652,-39.2468,0.8300,0.7754,0.052255,1
354,452,-50.2305,-38.1895,0.8400,0.7750,0.052359,1
355,227,-14.4367,-38.2998,0.8400,0.7747,0.051420,1
356,196,0.3535,-36.8227,0.8500,0.7746,0.053258,1
357,426,-59.2298,-35.9499,0.8600,0.7742,0.050257,1
358,241,-2.9935,-34.7199,0.8700,0.7739,0.052288,1
359,131,1.2812,-34.9728,0.8700,0.7738,0.051950,1
360,189,-19.8848,-33.6986,0.8800,0.7736,0.057212,1
361,281,-24.1443,-32.7003,0.8900,0.7734,0.050251,1
362,273,-2.1459,-32.6864,0.8900,0.7731,0.050486,1
363,554,-56.3217,-33.0463,0.8900,0.7726,0.051077,1
364,218,-6.5027,-32.0764,0.9000,0.7724,0.060034,1
365,800,52.8040,52.8040,0.0000,0.7716,0.050976,0
366,666,53.1721,52.9881,0.5000,0.7710,0.053704,1
367,572,-77.4813,9.4983,0.6667,0.7704,0.052622,1
368,800,-1856.7981,-457.0758,0.5000,0.7697,0.056095,0
369,800,109.6453,-343.7316,0.4000,0.7689,0.063160,0
370,800,-8485.9641,-1700.7703,0.3333,0.7681,0.071986,0
371,583,-39.8169,-1463.4913,0.4286,0.7676,0.111645,1
372,800,36.8032,-1275.9545,0.3750,0.7668,0.122374,0
373,800,-8530.1719,-2081.9786,0.3333,0.7661,0.121962,0
374,800,-30.5468,-1876.8354,0.3000,0.7653,0.113798,0
375,714,168.2686,-1690.9169,0.3636,0.7646,0.127027,1
376,800,25.8878,-1547.8498,0.3333,0.7639,0.134083,0
377,800,-7785.2178,-2027.6474,0.3077,0.7631,0.129503,0
378,800,-8065.2601,-2458.9054,0.2857,0.7624,0.135777,0
379,800,-8570.8807,-2866.3704,0.2667,0.7616,0.159395,0
380,800,-34.2824,-2689.3649,0.2500,0.7608,0.176135,0
381,800,-67.7379,-2535.1516,0.2353,0.7601,0.197456,0
382,800,-77.3462,-2398.6068,0.2222,0.7593,0.167369,0
383,800,184.3151,-2262.6636,0.2105,0.7586,0.172622,0
384,371,157.6335,-2141.6487,0.2500,0.7582,0.185862,1
385,800,-83.6882,-2043.6506,0.2381,0.7574,0.162343,0
386,800,84.9411,-1946.8964,0.2273,0.7567,0.169012,0
387,800,176.6033,-1854.5704,0.2174,0.7559,0.153416,0
388,800,136.0151,-1771.6293,0.2083,0.7552,0.168500,0
389,800,-79.5434,-1703.9459,0.2000,0.7544,0.163337,0
390,800,131.4578,-1633.3534,0.1923,0.7536,0.145862,0
391,800,-124.7408,-1577.4789,0.1852,0.7529,0.155055,0
392,786,199.2065,-1514.0258,0.2143,0.7521,0.153640,1
393,800,-3319.1715,-1576.2722,0.2069,0.7514,0.118440,0
394,800,30.3897,-1522.7168,0.2000,0.7506,0.136733,0
395,619,-31.4177,-1474.6104,0.2258,0.7500,0.141959,1
396,800,-3064.1126,-1524.2823,0.2188,0.7493,0.141778,0
397,800,26.2144,-1477.2976,0.2121,0.7485,0.137289,0
398,741,18.3411,-1433.3082,0.2353,0.7478,0.121516,1
399,578,-55.4030,-1393.9395,0.2571,0.7473,0.153073,1
400,577,15.0317,-1354.8014,0.2778,0.7467,0.140415,1
401,800,-84.8536,-1320.4785,0.2703,0.7459,0.126692,0
402,788,159.1110,-1281.5419,0.2895,0.7452,0.120802,1
403,800,-125.7490,-1251.9062,0.2821,0.7444,0.136487,0
404,592,-89.9567,-1222.8575,0.3000,0.7439,0.119173,1
405,508,80.8657,-1191.0594,0.3171,0.7434,0.114179,1
406,800,34.2461,-1161.8854,0.3095,0.7426,0.129899,0
407,800,156.2983,-1131.2300,0.3023,0.7419,0.140040,0
408,626,-16.3395,-1105.8916,0.3182,0.7413,0.127324,1
409,800,-78.3902,-1083.0582,0.3111,0.7405,0.114677,0
410,800,178.2879,-1055.6376,0.3043,0.7398,0.108863,0
411,800,-122.0559,-1035.7742,0.2979,0.7390,0.110116,0
412,639,29.9171,-1013.5723,0.3125,0.7384,0.104395,1
413,800,-332.0798,-999.6643,0.3061,0.7376,0.117525,0
414,800,34.5063,-978.9809,0.3000,0.7369,0.103439,0
415,800,-6427.5009,-1085.8146,0.2941,0.7361,0.107286,0
416,800,-19.0629,-1065.3001,0.2885,0.7353,0.119353,0
417,800,-91.2760,-1046.9223,0.2830,0.7346,0.104828,0
418,800,-2619.7892,-1076.0495,0.2778,0.7338,0.107326,0
419,656,48.3680,-1055.6055,0.2909,0.7332,0.117059,1
420,800,118.3338,-1034.6423,0.2857,0.7324,0.118627,0
421,618,185.3808,-1013.2384,0.2982,0.7319,0.117397,1
422,800,-71.4407,-997.0005,0.2931,0.7311,0.118482,0
423,505,45.5452,-979.3303,0.3051,0.7306,0.121324,1
424,408,-33.4447,-963.5655,0.3167,0.7302,0.149279,1
425,800,-32.5142,-948.3024,0.3115,0.7295,0.103377,0
426,800,-7651.7748,-1056.4229,0.3065,0.7287,0.113004,0
427,800,41.1944,-1039.0004,0.3016,0.7280,0.144926,0
428,800,-645.5773,-1032.8532,0.2969,0.7272,0.140508,0
429,656,110.1336,-1015.2687,0.3077,0.7266,0.117218,1
430,768,17.4402,-999.6216,0.3182,0.7258,0.128882,1
431,800,-91.8641,-986.0730,0.3134,0.7251,0.115538,0
432,800,-153.9515,-973.8359,0.3088,0.7243,0.123813,0
433,800,-463.9330,-966.4460,0.3043,0.7236,0.157244,0
434,800,388.3503,-947.0918,0.3000,0.7228,0.119108,0
435,701,59.4409,-932.9153,0.3099,0.7221,0.144275,1
436,800,11.7676,-919.7947,0.3056,0.7214,0.125191,0
437,800,353.8804,-902.3471,0.3014,0.7206,0.123293,0
438,757,211.6818,-887.2926,0.3108,0.7199,0.138920,1
439,800,218.3611,-872.5506,0.3067,0.7191,0.130965,0
440,800,-3107.5199,-901.9581,0.3026,0.7184,0.151275,0
441,800,-30.3235,-890.6382,0.2987,0.7176,0.135671,0
442,800,160.8799,-877.1572,0.2949,0.7169,0.126548,0
443,800,4.1200,-866.0017,0.2911,0.7161,0.126476,0
444,800,189.9880,-852.8019,0.2875,0.7153,0.155780,0
445,800,454.5355,-836.6619,0.2840,0.7146,0.146747,0
446,800,-188.8189,-828.7614,0.2805,0.7138,0.122693,0
447,800,-55.5048,-819.4450,0.2771,0.7131,0.135527,0
448,491,189.6298,-807.4322,0.2857,0.7126,0.135150,1
449,800,115.1023,-796.5789,0.2824,0.7118,0.156879,0
450,800,-31.9041,-787.6873,0.2791,0.7111,0.131358,0
451,751,92.3318,-777.5722,0.2874,0.7104,0.134332,1
452,653,-63.8233,-769.4614,0.2955,0.7097,0.128792,1
453,800,-1918.2617,-782.3692,0.2921,0.7090,0.107699,0
454,435,118.9993,-772.3540,0.3000,0.7086,0.143431,1
455,723,-30.8396,-764.2055,0.3077,0.7079,0.138704,1
456,759,105.8073,-754.7489,0.3152,0.7072,0.118028,1
457,594,73.6233,-745.8416,0.3226,0.7066,0.129562,1
458,800,-126.1948,-739.2497,0.3191,0.7058,0.148363,0
459,800,-38.9102,-731.8777,0.3158,0.7051,0.137911,0
460,734,-9.0372,-724.3481,0.3229,0.7044,0.141871,1
461,800,413.3470,-712.6193,0.3196,0.7036,0.114345,0
462,702,-31.8883,-705.6730,0.3265,0.7029,0.143615,1
463,415,63.1982,-697.9066,0.3333,0.7025,0.128014,1
464,800,-1793.9352,-708.8669,0.3300,0.7018,0.156029,0
465,800,-2682.9142,-736.2241,0.3300,0.7010,0.159117,0
466,800,-4.5563,-736.8014,0.3200,0.7003,0.134863,0
467,586,94.8602,-735.0780,0.3200,0.6997,0.179417,1
468,800,-361.8091,-720.1281,0.3200,0.6990,0.152936,0
469,736,242.8573,-718.7960,0.3300,0.6983,0.134846,1
470,621,72.6444,-633.2099,0.3400,0.6977,0.164333,1
471,306,-35.5932,-633.1677,0.3400,0.6974,0.096321,1
472,716,133.7014,-632.1987,0.3500,0.6967,0.162425,1
473,685,-67.1676,-547.5686,0.3600,0.6960,0.166512,1
474,489,-2.4694,-547.2879,0.3700,0.6956,0.135802,1
475,677,46.8638,-548.5019,0.3700,0.6949,0.148475,1
476,401,-38.9269,-549.1500,0.3800,0.6946,0.139513,1
477,800,-88.4472,-472.1823,0.3800,0.6938,0.128448,0
478,527,11.1335,-391.4184,0.3900,0.6933,0.157825,1
479,800,201.3197,-303.6964,0.3900,0.6925,0.132409,0
480,800,-2.9280,-303.3829,0.3900,0.6918,0.153987,0
481,800,91.1461,-301.7940,0.3900,0.6910,0.136964,0
482,668,83.0003,-300.1906,0.4000,0.6904,0.125265,1
483,504,-38.8142,-302.4218,0.4100,0.6899,0.194609,1
484,270,-17.4317,-304.1725,0.4100,0.6896,0.119923,1
485,579,-46.1874,-303.7975,0.4200,0.6891,0.147339,1
486,699,-68.3484,-305.3304,0.4300,0.6884,0.150588,1
487,794,-36.6322,-307.4627,0.4400,0.6877,0.137912,1
488,800,40.3930,-308.4190,0.4400,0.6869,0.140229,0
489,729,101.8985,-306.6045,0.4500,0.6862,0.123973,1
490,281,121.3205,-306.7059,0.4600,0.6860,0.125834,1
491,542,-4.3443,-305.5020,0.4700,0.6854,0.157077,1
492,800,164.6390,-305.8476,0.4600,0.6847,0.148678,0
493,605,172.6284,-270.9296,0.4700,0.6841,0.127876,1
494,800,55.5451,-270.6781,0.4700,0.6833,0.125745,0
495,777,4.6823,-270.3171,0.4700,0.6826,0.143820,1
496,488,-3.0977,-239.7069,0.4800,0.6821,0.150534,1
497,707,7.4808,-239.8943,0.4900,0.6815,0.139449,1
498,800,197.2662,-238.1050,0.4800,0.6807,0.130796,0
499,800,373.1044,-233.8199,0.4700,0.6800,0.129589,0
500,519,45.2036,-233.5182,0.4700,0.6795,0.146140,1
501,548,-25.1395,-232.9211,0.4800,0.6789,0.140234,1
502,800,-41.2173,-234.9244,0.4700,0.6782,0.152923,0
503,761,-50.9740,-234.1766,0.4800,0.6775,0.158316,1
504,714,99.6196,-232.2808,0.4800,0.6768,0.122113,1
505,800,176.3120,-231.3264,0.4700,0.6760,0.147105,0
506,725,13.8228,-231.5306,0.4800,0.6753,0.140006,1
507,555,246.0126,-230.6335,0.4900,0.6748,0.194025,1
508,471,-20.6852,-230.6769,0.4900,0.6744,0.114627,1
509,638,92.1916,-228.9711,0.5000,0.6737,0.161190,1
510,800,93.4200,-229.8198,0.5000,0.6730,0.145224,0
511,670,-200.3824,-230.6031,0.5100,0.6723,0.141754,1
512,602,132.6790,-229.5754,0.5100,0.6718,0.145886,1
513,610,-77.4248,-227.0289,0.5200,0.6712,0.153868,1
514,800,91.9440,-226.4545,0.5200,0.6704,0.168211,0
515,494,2.3814,-162.1557,0.5300,0.6700,0.125296,1
516,778,121.2909,-160.7522,0.5400,0.6692,0.166756,1
517,726,49.8148,-159.3412,0.5500,0.6685,0.137319,1
518,248,17.4231,-132.9691,0.5600,0.6683,0.158008,1
519,498,83.4978,-132.6178,0.5600,0.6678,0.140526,1
520,780,-88.1165,-134.6823,0.5700,0.6671,0.143889,1
521,800,96.5352,-135.5708,0.5600,0.6663,0.114174,0
522,161,48.7550,-134.3688,0.5700,0.6662,0.139558,1
523,800,195.9681,-132.8646,0.5600,0.6654,0.144956,0
524,800,66.5701,-131.8644,0.5500,0.6647,0.161559,0
525,753,159.9803,-129.9395,0.5600,0.6639,0.120511,1
526,683,12.4038,-53.2977,0.5700,0.6633,0.143682,1
527,800,-1750.3437,-71.2131,0.5700,0.6625,0.132127,0
528,646,145.6595,-63.3007,0.5800,0.6619,0.136459,1
529,787,226.5054,-62.1370,0.5800,0.6612,0.157708,1
530,633,262.3227,-59.6882,0.5800,0.6606,0.150110,1
531,800,84.9153,-57.9204,0.5800,0.6598,0.161190,0
532,800,-389.1361,-60.2722,0.5800,0.6591,0.177787,0
533,800,199.0102,-53.6428,0.5900,0.6583,0.131535,1
534,639,109.1087,-56.4352,0.6000,0.6577,0.107112,1
535,800,33.2777,-56.6969,0.5900,0.6569,0.146496,0
536,800,85.4479,-55.9601,0.5900,0.6562,0.156640,0
537,756,149.2337,-58.0065,0.6000,0.6554,0.125475,1
538,800,264.1433,-57.4819,0.5900,0.6547,0.126379,0
539,599,170.9759,-57.9558,0.6000,0.6541,0.145294,1
540,738,81.3300,-26.0673,0.6100,0.6534,0.157963,1
541,800,-233.4508,-28.0985,0.6100,0.6527,0.135106,0
542,654,-31.9330,-30.0267,0.6200,0.6520,0.116178,1
543,708,19.3809,-29.8741,0.6300,0.6514,0.155818,1
544,394,12.1500,-31.6524,0.6400,0.6510,0.199197,1
545,800,166.9578,-34.5282,0.6400,0.6502,0.125891,0
546,800,215.6026,-30.4840,0.6400,0.6495,0.168210,0
547,427,206.9625,-27.8593,0.6500,0.6491,0.145139,1
548,498,-12.3282,-29.8789,0.6500,0.6486,0.121628,1
549,800,155.6470,-29.4735,0.6500,0.6478,0.134598,0
550,604,71.8870,-28.4355,0.6600,0.6473,0.138026,1
551,800,189.3747,-27.4651,0.6500,0.6465,0.153892,0
552,739,107.4226,-25.7527,0.6500,0.6458,0.136794,1
553,800,-1064.7031,-17.2171,0.6500,0.6450,0.150872,0
554,562,63.4255,-17.7728,0.6500,0.6445,0.142503,1
555,768,71.9235,-16.7452,0.6500,0.6438,0.161383,1
556,800,109.6725,-16.7065,0.6400,0.6430,0.141920,0
557,449,-28.8374,-17.7311,0.6400,0.6426,0.176295,1
558,800,224.3565,-14.2256,0.6400,0.6418,0.160072,0
559,789,-430.4139,-18.1407,0.6500,0.6411,0.161453,1
560,588,248.3511,-15.5668,0.6500,0.6405,0.116414,1
561,509,-78.1020,-20.4813,0.6600,0.6400,0.134814,1
562,438,4.3774,-20.1186,0.6600,0.6396,0.129432,1
563,712,-34.8949,-21.0995,0.6600,0.6389,0.152152,1
564,638,-14.0285,-3.3005,0.6700,0.6383,0.127925,1
565,768,-90.8043,22.6206,0.6800,0.6376,0.177168,1
566,760,-534.9931,17.3163,0.6900,0.6369,0.149799,1
567,800,-2999.7582,-13.6299,0.6800,0.6361,0.158708,0
568,800,-1248.5160,-22.4970,0.6800,0.6354,0.177736,0
569,800,183.3541,-23.0920,0.6700,0.6346,0.162612,0
570,612,-465.1243,-28.4697,0.6700,0.6340,0.178415,1
571,529,-60.9629,-28.7234,0.6700,0.6335,0.135637,1
572,800,-94.2577,-31.0030,0.6600,0.6328,0.127414,0
573,595,180.8064,-28.5233,0.6600,0.6322,0.132131,1
574,647,52.9119,-27.9694,0.6600,0.6316,0.210183,1
575,772,-61.7106,-29.0552,0.6600,0.6308,0.173880,1
576,800,183.9243,-26.8267,0.6500,0.6301,0.167523,0
577,464,-32.7080,-26.2693,0.6600,0.6296,0.176495,1
578,638,24.3754,-26.1369,0.6600,0.6290,0.171991,1
579,606,211.6836,-26.0332,0.6700,0.6285,0.166121,1
580,672,-9.1929,-26.0959,0.6800,0.6278,0.151589,1
581,743,228.7553,-24.7198,0.6900,0.6271,0.193448,1
582,683,126.2689,-24.2871,0.6900,0.6265,0.169564,1
583,784,-1800.5471,-41.9044,0.6900,0.6257,0.162109,1
584,605,-16.3630,-41.8937,0.6900,0.6251,0.158816,1
585,711,46.5974,-40.9659,0.6900,0.6245,0.155961,1
586,800,-103.2695,-41.3151,0.6800,0.6237,0.151672,0
587,620,189.5536,-39.0532,0.6800,0.6231,0.147972,1
588,709,54.1557,-38.9156,0.6900,0.6225,0.147639,1
589,636,172.4028,-38.2106,0.6900,0.6218,0.170537,1
590,689,200.8848,-37.4149,0.6900,0.6212,0.176130,1
591,729,192.9604,-35.4419,0.6900,0.6205,0.179775,1
592,161,30.8922,-36.7794,0.7000,0.6203,0.236689,1
593,800,-629.1991,-44.7976,0.6900,0.6196,0.174507,0
594,336,36.9904,-44.9832,0.7000,0.6193,0.142708,1
595,800,-87.9428,-45.9094,0.6900,0.6185,0.192769,0
596,800,-7881.5943,-124.6944,0.6800,0.6177,0.178646,0
597,548,7.3780,-124.6954,0.6800,0.6172,0.159749,1
598,638,170.9279,-124.9588,0.6900,0.6166,0.171383,1
599,476,189.4331,-126.7955,0.7000,0.6162,0.186792,1
600,800,-58.9235,-127.8368,0.6900,0.6154,0.160797,0
601,800,45.7843,-127.1275,0.6800,0.6146,0.170753,0
602,561,59.6051,-126.1193,0.6900,0.6141,0.166987,1
603,800,237.3742,-123.2358,0.6900,0.6134,0.141587,1
604,564,553.4145,-118.6979,0.6900,0.6128,0.199047,1
605,698,-47.7576,-120.9386,0.7000,0.6122,0.153810,1
606,800,205.5168,-119.0216,0.6900,0.6114,0.174621,0
607,406,2.7534,-121.4542,0.6900,0.6110,0.162330,1
608,800,-93.6530,-122.1839,0.6800,0.6103,0.165525,0
609,800,157.1997,-121.5338,0.6700,0.6095,0.125168,0
610,647,106.6064,-121.4020,0.6800,0.6089,0.187987,1
611,517,232.1381,-117.0768,0.6800,0.6084,0.202382,1
612,482,-9.4285,-118.4978,0.6800,0.6079,0.174370,1
613,613,336.0210,-114.3634,0.6800,0.6073,0.171931,1
614,668,104.6495,-114.2363,0.6900,0.6067,0.192475,1
615,800,-1063.3519,-124.8937,0.6800,0.6059,0.187119,0
616,800,219.9091,-123.9075,0.6700,0.6052,0.143381,0
617,757,176.8922,-122.6367,0.6700,0.6045,0.162513,1
618,507,86.8729,-121.9422,0.6700,0.6040,0.162553,1
619,800,338.3906,-119.3933,0.6600,0.6032,0.191648,0
620,552,92.9580,-117.5825,0.6600,0.6027,0.182513,1
621,711,64.8926,-117.8990,0.6700,0.6020,0.170471,1
622,606,226.1191,-116.1253,0.6700,0.6015,0.145527,1
623,626,153.3040,-116.5520,0.6800,0.6009,0.128928,1
624,800,43.3018,-116.7846,0.6800,0.6001,0.189361,0
625,800,193.4606,-116.4498,0.6700,0.5993,0.171194,0
626,585,84.8838,-115.7250,0.6700,0.5988,0.189722,1
627,640,-54.1718,-98.7633,0.6800,0.5982,0.162159,1
628,774,-557.9830,-105.7997,0.6800,0.5974,0.176018,1
629,749,-68.7995,-108.7528,0.6800,0.5967,0.140645,1
630,743,46.7135,-110.9089,0.6800,0.5960,0.186791,1
631,723,-0.1735,-111.7598,0.6900,0.5953,0.153921,1
632,800,34.2131,-107.5263,0.6900,0.5946,0.195862,0
633,696,190.7572,-107.6088,0.6900,0.5939,0.182040,1
634,340,10.5847,-108.5941,0.6900,0.5936,0.128307,1
635,790,-1141.6404,-120.3432,0.7000,0.5928,0.159364,1
636,800,-22.5338,-121.4231,0.7000,0.5921,0.172281,0
637,521,-45.1089,-123.3665,0.7000,0.5916,0.144259,1
638,800,244.8341,-123.5596,0.7000,0.5908,0.148778,0
639,316,25.3916,-125.0154,0.7000,0.5905,0.138757,1
640,800,229.5078,-123.5336,0.6900,0.5898,0.159144,0
641,440,143.0886,-119.7682,0.7000,0.5893,0.163541,1
642,800,89.2037,-118.5569,0.6900,0.5886,0.165072,0
643,607,222.4573,-116.5261,0.6900,0.5880,0.157936,1
644,553,211.4220,-114.5334,0.6900,0.5875,0.181077,1
645,669,-452.1422,-120.7244,0.7000,0.5868,0.180741,1
646,479,100.4809,-121.8756,0.7100,0.5864,0.169155,1
647,314,397.8121,-119.9671,0.7100,0.5861,0.218881,1
648,657,135.5638,-118.4882,0.7100,0.5855,0.166966,1
649,463,83.9693,-119.2050,0.7200,0.5850,0.192116,1
650,584,-32.1279,-120.2451,0.7200,0.5845,0.227397,1
651,698,-54.3094,-122.6820,0.7300,0.5838,0.168905,1
652,538,216.0421,-121.5958,0.7300,0.5833,0.168730,1
653,667,-1500.7524,-125.9563,0.7400,0.5827,0.121360,1
654,557,-34.6666,-126.9372,0.7400,0.5821,0.207750,1
655,515,47.9093,-127.1773,0.7400,0.5817,0.154598,1
656,586,-83.4314,-129.1084,0.7500,0.5811,0.173384,1
657,612,152.7961,-127.2920,0.7500,0.5805,0.192002,1
658,383,20.9144,-129.3264,0.7600,0.5801,0.191149,1
659,321,206.8211,-122.9541,0.7600,0.5798,0.142882,1
660,800,434.6686,-121.0909,0.7500,0.5791,0.189941,0
661,437,4.6845,-120.2631,0.7500,0.5787,0.160688,1
662,629,3.7829,-120.2690,0.7500,0.5781,0.178058,1
663,286,94.9516,-118.9705,0.7500,0.5778,0.200834,1
664,635,145.5128,-117.3751,0.7500,0.5772,0.202099,1
665,500,437.5549,-112.0915,0.7500,0.5767,0.189034,1
666,575,260.2670,-104.1389,0.7500,0.5762,0.161685,1
667,545,83.7069,-73.3043,0.7600,0.5757,0.202763,1
668,800,194.0608,-58.8785,0.7600,0.5749,0.161517,0
669,701,196.2894,-58.7492,0.7700,0.5742,0.247715,1
670,800,171.9601,-52.3783,0.7600,0.5735,0.202561,0
671,509,-48.9135,-52.2578,0.7600,0.5730,0.176560,1
672,800,-72.7140,-52.0424,0.7600,0.5722,0.199010,0
673,628,-225.8591,-56.1090,0.7600,0.5716,0.161217,1
674,692,240.8248,-54.2299,0.7600,0.5710,0.189207,1
675,800,134.6635,-52.2662,0.7500,0.5702,0.172155,0
676,403,67.8223,-53.4272,0.7600,0.5698,0.142756,1
677,215,94.7620,-52.1525,0.7600,0.5696,0.134390,1
678,557,170.0839,-50.6954,0.7600,0.5691,0.193703,1
679,456,125.6849,-51.5554,0.7600,0.5687,0.168733,1
680,362,128.3592,-50.1799,0.7600,0.5683,0.223336,1
681,677,-53.4540,-53.0020,0.7600,0.5677,0.227380,1
682,526,288.6417,-51.3782,0.7600,0.5672,0.194018,1
683,512,-268.3898,-36.0567,0.7600,0.5667,0.163426,1
684,369,65.0337,-35.2427,0.7600,0.5663,0.160887,1
685,694,-77.8756,-36.4874,0.7600,0.5657,0.197267,1
686,535,169.9813,-33.7549,0.7700,0.5652,0.209841,1
687,652,219.5279,-33.4552,0.7700,0.5646,0.170320,1
688,410,12.1603,-33.8751,0.7700,0.5642,0.211183,1
689,800,136.2206,-34.2369,0.7600,0.5634,0.197627,0
690,446,238.6286,-33.8595,0.7600,0.5630,0.211618,1
691,489,165.6657,-34.1325,0.7600,0.5625,0.189569,1
692,728,2.8895,-34.4125,0.7600,0.5618,0.183350,1
693,623,85.6303,-27.2642,0.7700,0.5612,0.176116,1
694,661,167.5010,-25.9591,0.7700,0.5606,0.194041,1
695,649,-610.3547,-31.1832,0.7800,0.5600,0.172125,1
696,512,21.2751,47.8455,0.7900,0.5595,0.150240,1
697,452,-15.5127,47.6166,0.7900,0.5591,0.229517,1
698,798,-1018.6223,35.7211,0.7900,0.5583,0.183249,1
699,372,66.0109,34.4869,0.7900,0.5580,0.154498,1
700,588,140.2023,36.4781,0.8000,0.5574,0.186408,1
701,288,148.0895,37.5012,0.8100,0.5571,0.155894,1
702,257,68.7946,37.5931,0.8100,0.5569,0.174531,1
703,510,310.4068,38.3234,0.8100,0.5564,0.178320,1
704,759,-270.9250,30.0800,0.8100,0.5557,0.185069,1
705,554,-1318.8049,17.3695,0.8100,0.5552,0.186996,1
706,550,122.5304,16.5397,0.8200,0.5546,0.206860,1
707,451,50.3784,17.0159,0.8200,0.5542,0.190577,1
708,800,273.8296,20.6907,0.8200,0.5534,0.178136,0
709,616,-21.5652,18.9031,0.8300,0.5529,0.216673,1
710,718,129.3255,19.1303,0.8300,0.5522,0.214237,1
711,522,-8.4059,16.7248,0.8300,0.5517,0.151615,1
712,618,89.2586,17.7117,0.8300,0.5511,0.181988,1
713,800,608.9919,20.4414,0.8200,0.5503,0.165217,0
714,490,311.2829,22.5078,0.8200,0.5499,0.170242,1
715,431,69.2883,33.8342,0.8300,0.5495,0.187437,1
716,594,35.4801,31.9899,0.8400,0.5489,0.202133,1
717,447,-48.9986,29.7310,0.8400,0.5485,0.233179,1
718,800,176.4408,30.6266,0.8300,0.5477,0.183085,0
719,329,-23.7483,27.0052,0.8400,0.5474,0.193591,1
720,546,85.6988,26.9327,0.8400,0.5469,0.228507,1
721,791,85.7890,27.1416,0.8400,0.5461,0.201771,1
722,800,-64.8304,24.2321,0.8300,0.5454,0.203973,0
723,502,104.0031,23.7391,0.8300,0.5449,0.164108,1
724,593,49.5249,23.8013,0.8400,0.5443,0.154047,1
725,555,-33.8014,21.5287,0.8500,0.5438,0.194053,1
726,337,29.1766,20.9717,0.8500,0.5435,0.172303,1
727,701,-367.3554,17.8398,0.8500,0.5428,0.177713,1
728,405,-2.8081,23.3916,0.8500,0.5424,0.179263,1
729,691,74.9319,24.8289,0.8500,0.5418,0.220922,1
730,390,-13.4189,24.2276,0.8500,0.5414,0.187853,1
731,594,266.2876,26.8922,0.8500,0.5408,0.179260,1
732,537,-21.3515,26.3365,0.8600,0.5403,0.146452,1
733,501,-50.5890,23.9231,0.8600,0.5398,0.147044,1
734,743,-198.4692,21.8325,0.8600,0.5391,0.159614,1
735,682,-39.3572,32.8554,0.8600,0.5385,0.232457,1
736,623,242.1964,35.5027,0.8700,0.5379,0.185258,1
737,790,55.0371,36.5041,0.8700,0.5372,0.187985,1
738,365,79.5935,34.8517,0.8800,0.5368,0.176825,1
739,379,230.8002,36.9058,0.8800,0.5364,0.149420,1
740,800,-1728.7446,17.3233,0.8800,0.5357,0.160130,0
741,373,200.0973,17.8934,0.8800,0.5353,0.187727,1
742,390,56.9067,17.5704,0.8900,0.5350,0.183127,1
743,746,49.7206,15.8430,0.8900,0.5343,0.196005,1
744,446,356.3190,17.2920,0.8900,0.5338,0.191746,1
745,626,117.5877,22.9893,0.8900,0.5332,0.151175,1
746,800,184.9953,23.8344,0.8800,0.5325,0.209570,0
747,509,267.9903,22.5362,0.8800,0.5320,0.172133,1
748,800,53.9359,21.7199,0.8700,0.5312,0.173035,0
749,566,117.6879,22.0571,0.8700,0.5307,0.201526,1
750,649,115.2248,23.5307,0.8700,0.5301,0.181848,1
751,512,-561.2320,18.4614,0.8700,0.5296,0.159167,1
752,685,127.0087,17.5711,0.8700,0.5289,0.176826,1
753,800,109.4848,33.6735,0.8600,0.5282,0.199794,0
754,509,-25.6845,33.7633,0.8600,0.5277,0.186534,1
755,740,80.6223,34.0904,0.8600,0.5270,0.190775,1
756,538,-747.6979,27.4477,0.8600,0.5265,0.174088,1
757,323,-0.5283,25.9145,0.8600,0.5262,0.209305,1
758,487,139.1072,27.0964,0.8600,0.5257,0.188601,1
759,408,181.7046,26.8453,0.8600,0.5253,0.220142,1
760,263,-13.6672,22.3619,0.8700,0.5251,0.128774,1
761,770,146.3894,23.7790,0.8700,0.5243,0.210849,1
762,467,306.5808,26.8069,0.8700,0.5239,0.193930,1
763,800,32.7593,26.1850,0.8600,0.5231,0.203652,0
764,627,47.7530,25.2074,0.8600,0.5225,0.185887,1
765,649,-761.0146,13.2217,0.8600,0.5219,0.136246,1
766,488,-491.5739,5.7033,0.8600,0.5215,0.148471,1
767,737,-25.1090,4.6152,0.8600,0.5208,0.187209,1
768,530,65.0980,3.3255,0.8700,0.5203,0.175850,1
769,336,170.2742,3.0654,0.8700,0.5199,0.261355,1
770,702,-107.5364,0.2704,0.8800,0.5193,0.191515,1
771,534,222.5395,2.9849,0.8800,0.5188,0.163233,1
772,800,95.6945,4.6690,0.8800,0.5180,0.177125,0
773,509,-9.8843,6.8288,0.8800,0.5175,0.209837,1
774,353,348.4114,7.9046,0.8800,0.5172,0.236530,1
775,656,-57.3629,5.9844,0.8900,0.5166,0.208506,1
776,417,251.5299,7.8214,0.8900,0.5162,0.309078,1
777,564,39.3863,7.2677,0.8900,0.5156,0.190654,1
778,631,-58.0523,4.9863,0.8900,0.5150,0.200768,1
779,643,201.0097,5.7396,0.8900,0.5144,0.167582,1
780,463,57.5915,5.0319,0.8900,0.5140,0.147996,1
781,551,-41.2639,5.1538,0.8900,0.5135,0.164192,1
782,573,477.8710,7.0461,0.8900,0.5129,0.214536,1
783,790,204.6072,11.7761,0.8900,0.5122,0.189102,1
784,222,134.9898,12.4756,0.8900,0.5120,0.224868,1
785,539,31.4233,13.5686,0.8900,0.5114,0.185844,1
786,471,273.1349,14.6001,0.8900,0.5110,0.217349,1
787,586,151.9019,13.9239,0.8900,0.5104,0.187992,1
788,787,-481.4062,8.9882,0.8900,0.5097,0.176156,1
789,674,122.7077,8.8531,0.9000,0.5090,0.253789,1
790,800,-1296.3811,-1296.3811,0.0000,0.5083,0.208418,0
791,800,-1750.8652,-1523.6231,0.0000,0.5075,0.144072,0
792,800,-6842.3324,-3296.5262,0.0000,0.5068,0.195072,0
793,791,-2847.0788,-3184.1644,0.2500,0.5060,0.177928,1
794,675,14.9226,-2544.3470,0.4000,0.5054,0.226348,1
795,800,-1887.4474,-2434.8637,0.3333,0.5046,0.228131,0
796,629,99.0447,-2072.8768,0.4286,0.5040,0.215281,1
797,800,-5958.3144,-2558.5565,0.3750,0.5033,0.207633,0
798,654,217.8451,-2250.0674,0.4444,0.5026,0.257151,1
799,793,-76.7901,-2032.7397,0.5000,0.5019,0.211828,1
800,291,-0.1867,-1847.9622,0.5455,0.5016,0.173483,1
801,713,-32.6047,-1696.6824,0.5833,0.5009,0.201744,1
802,720,-731.5920,-1622.4447,0.6154,0.5002,0.195118,1
803,729,-467.0359,-1539.9155,0.6429,0.4996,0.230413,1
804,800,-8484.9000,-2002.9144,0.6000,0.4988,0.222226,0
805,720,61.2796,-1873.9023,0.6250,0.4981,0.272880,1
806,685,92.6171,-1758.2247,0.6471,0.4975,0.194647,1
807,728,-3.5450,-1660.7425,0.6667,0.4968,0.212540,1
808,800,607.0873,-1541.3830,0.6316,0.4960,0.192159,0
809,800,223.6550,-1453.1311,0.6000,0.4952,0.235795,0
810,800,-156.1437,-1391.3698,0.5714,0.4945,0.225926,0
811,800,-716.0733,-1360.6745,0.5455,0.4937,0.213780,0
812,800,-8269.1858,-1661.0446,0.5217,0.4930,0.221749,0
813,754,-32.9633,-1593.2079,0.5417,0.4923,0.215674,1
814,800,311.8216,-1517.0067,0.5200,0.4915,0.254772,0
815,601,85.1075,-1455.3869,0.5385,0.4909,0.243101,1
816,800,-863.2298,-1433.4552,0.5185,0.4902,0.231847,0
817,661,75.8038,-1379.5530,0.5357,0.4895,0.243913,1
818,800,-89.9770,-1335.0849,0.5172,0.4888,0.208231,0
819,800,-3282.1985,-1399.9887,0.5000,0.4880,0.221301,0
820,800,-1190.4764,-1393.2302,0.4839,0.4873,0.265444,0
821,800,117.9296,-1346.0065,0.4688,0.4865,0.219424,0
822,800,109.3446,-1301.9049,0.4545,0.4857,0.258557,0
823,796,230.9700,-1256.8204,0.4706,0.4850,0.226624,1
824,771,-90.3183,-1223.4918,0.4857,0.4842,0.282135,1
825,800,247.0365,-1182.6437,0.4722,0.4835,0.276150,0
826,759,317.1769,-1142.1081,0.4865,0.4828,0.280521,1
827,756,616.0614,-1095.8404,0.5000,0.4820,0.233647,1
828,721,-302.4755,-1075.4977,0.5128,0.4814,0.278823,1
829,800,-8507.6000,-1261.3003,0.5000,0.4806,0.209371,0
830,800,-42.8392,-1231.5817,0.4878,0.4798,0.201823,0
831,800,-8400.9000,-1402.2798,0.4762,0.4791,0.272953,0
832,800,117.8794,-1366.9273,0.4651,0.4783,0.245658,0
833,800,-825.1981,-1354.6152,0.4545,0.4776,0.316393,0
834,800,-369.3922,-1332.7214,0.4444,0.4768,0.255334,0
835,800,-922.1875,-1323.7967,0.4348,0.4760,0.249133,0
836,800,-8272.0000,-1471.6308,0.4255,0.4753,0.257776,0
837,220,56.4410,-1439.7960,0.4375,0.4751,0.285186,1
838,800,-14.1924,-1410.7021,0.4286,0.4743,0.294871,0
839,409,44.7531,-1381.5930,0.4400,0.4739,0.255545,1
840,800,-1862.0755,-1391.0142,0.4314,0.4732,0.285938,0
841,764,-520.9018,-1374.2813,0.4423,0.4724,0.266717,1
842,688,-334.3047,-1354.6591,0.4528,0.4718,0.283464,1
843,706,248.8469,-1324.9645,0.4630,0.4711,0.263592,1
844,405,-587.8818,-1311.5630,0.4727,0.4707,0.288732,1
845,800,-516.1990,-1297.3601,0.4643,0.4700,0.262254,0
846,800,-8235.0000,-1419.0731,0.4561,0.4692,0.296508,0
847,800,-1526.2850,-1420.9215,0.4483,0.4684,0.302725,0
848,696,149.4695,-1394.3047,0.4576,0.4678,0.235365,1
849,800,204.4966,-1367.6580,0.4500,0.4670,0.265587,0
850,767,-692.0095,-1356.5818,0.4590,0.4663,0.259199,1
851,371,-14.5775,-1334.9366,0.4677,0.4659,0.251895,1
852,721,-2698.0192,-1356.5728,0.4762,0.4653,0.275472,1
853,595,218.2079,-1331.9669,0.4844,0.4647,0.302717,1
854,789,-6.7239,-1311.5785,0.4923,0.4639,0.277070,1
855,800,-152.1320,-1294.0112,0.4848,0.4632,0.304386,0
856,800,-947.0590,-1288.8328,0.4776,0.4624,0.368263,0
857,800,184.7557,-1267.1624,0.4706,0.4617,0.310675,0
858,800,-87.1817,-1250.0612,0.4638,0.4609,0.283329,0
859,800,81.5338,-1231.0384,0.4571,0.4601,0.248868,0
860,779,-1714.1033,-1237.8421,0.4648,0.4594,0.245429,1
861,800,-79.6786,-1221.7565,0.4583,0.4586,0.273886,0
862,800,-8435.5000,-1320.5749,0.4521,0.4579,0.279253,0
863,651,-18.3009,-1302.9766,0.4595,0.4573,0.225188,1
864,685,137.0607,-1283.7761,0.4667,0.4566,0.269380,1
865,520,513.2595,-1260.1309,0.4737,0.4561,0.250074,1
866,555,18.7157,-1243.5225,0.4805,0.4556,0.302246,1
867,576,91.0131,-1226.4131,0.4872,0.4550,0.304146,1
868,590,-78.8191,-1211.8866,0.4937,0.4545,0.307899,1
869,256,126.8612,-1195.1522,0.5000,0.4542,0.324075,1
870,800,-5401.7033,-1247.0850,0.4938,0.4535,0.265866,0
871,467,-1127.6139,-1245.6280,0.5000,0.4530,0.282639,1
872,671,197.4584,-1228.2414,0.5060,0.4524,0.303561,1
873,484,219.2628,-1211.0092,0.5119,0.4519,0.340824,1
874,800,-1731.4497,-1217.1321,0.5059,0.4512,0.316027,0
875,300,94.8420,-1201.8766,0.5116,0.4509,0.286605,1
876,800,-7464.8698,-1273.8650,0.5057,0.4501,0.283054,0
877,800,600.0977,-1252.5700,0.5000,0.4494,0.306541,0
878,485,-1195.2097,-1251.9255,0.5056,0.4489,0.302320,1
879,661,-725.1298,-1246.0722,0.5111,0.4483,0.370904,1
880,800,-25.2377,-1232.6564,0.5055,0.4475,0.297844,0
881,592,-255.6901,-1222.0372,0.5109,0.4470,0.298804,1
882,405,112.9365,-1207.6827,0.5161,0.4466,0.334986,1
883,681,-40.2108,-1195.2627,0.5213,0.4459,0.328447,1
884,800,294.5987,-1179.5800,0.5158,0.4452,0.331805,0
885,759,380.0190,-1163.3342,0.5208,0.4445,0.291550,1
886,800,480.1851,-1146.3907,0.5155,0.4437,0.323395,0
887,689,-25.2668,-1134.9506,0.5204,0.4430,0.292931,1
888,800,198.5759,-1121.4807,0.5152,0.4423,0.372157,0
889,431,72.2852,-1109.5430,0.5200,0.4419,0.254620,1
890,800,250.1508,-1094.0777,0.5200,0.4411,0.333686,0
891,753,-170.0011,-1078.2690,0.5300,0.4404,0.277179,1
892,800,-34.0974,-1010.1867,0.5300,0.4396,0.271405,0
893,610,-1920.4332,-1000.9202,0.5300,0.4391,0.377145,1
894,800,527.5473,-995.7940,0.5200,0.4383,0.308291,0
895,695,-1064.5813,-987.5653,0.5300,0.4376,0.349597,1
896,800,-2581.4831,-1014.3706,0.5200,0.4369,0.363609,0
897,511,-40.8084,-955.1955,0.5300,0.4364,0.296451,1
898,800,630.7283,-951.0667,0.5200,0.4356,0.321026,0
899,392,16.2585,-950.1362,0.5200,0.4353,0.280412,1
900,761,-2064.9652,-970.7840,0.5200,0.4345,0.312144,1
901,350,23.6463,-970.2215,0.5200,0.4342,0.323724,1
902,479,30.6803,-962.5988,0.5200,0.4337,0.331359,1
903,800,-7466.8890,-1032.5973,0.5100,0.4330,0.378704,0
904,579,237.2728,-945.3756,0.5200,0.4324,0.350715,1
905,630,172.0235,-944.2681,0.5200,0.4318,0.332721,1
906,800,49.5049,-944.6993,0.5100,0.4311,0.320243,0
907,439,-38.0473,-945.0443,0.5100,0.4307,0.323839,1
908,714,-1236.5884,-963.4810,0.5200,0.4300,0.296042,1
909,800,-7239.7681,-1038.1153,0.5200,0.4292,0.276590,0
910,791,-1005.5529,-1046.6094,0.5300,0.4285,0.334137,1
911,522,-937.7012,-1048.8256,0.5400,0.4280,0.341419,1
912,800,10.3789,-966.0300,0.5400,0.4272,0.320531,0
913,800,-399.0263,-969.6906,0.5300,0.4265,0.357038,0
914,800,-5001.6505,-1022.8254,0.5300,0.4257,0.343218,0
915,704,255.9574,-1021.1169,0.5300,0.4250,0.338566,1
916,617,294.9159,-1009.5354,0.5400,0.4244,0.377831,1
917,720,458.5836,-1005.7076,0.5400,0.4238,0.377368,1
918,733,-51.3377,-1005.3212,0.5500,0.4231,0.320212,1
919,800,-663.9709,-979.1389,0.5500,0.4223,0.328598,0
920,390,215.9066,-965.0751,0.5600,0.4219,0.409786,1
921,409,-819.5718,-974.4501,0.5700,0.4215,0.302102,1
922,711,-102.5925,-976.5695,0.5800,0.4209,0.361489,1
923,755,272.7474,-976.1517,0.5800,0.4201,0.386045,1
924,652,-1698.6102,-992.2346,0.5800,0.4195,0.345123,1
925,800,-2617.4549,-1020.8795,0.5800,0.4188,0.380121,0
926,356,-7.8449,-1024.1298,0.5800,0.4184,0.412229,1
927,746,-1725.6211,-1047.5466,0.5800,0.4177,0.359012,1
928,546,-645.0135,-1050.9720,0.5800,0.4172,0.388987,1
929,800,-7242.9596,-1038.3256,0.5800,0.4164,0.364517,0
930,800,-1046.0549,-1048.3577,0.5800,0.4157,0.393504,0
931,425,18.8204,-964.1605,0.5900,0.4153,0.431011,1
932,800,-1685.2197,-982.1915,0.5900,0.4145,0.376975,0
933,640,-24.7814,-974.1873,0.6000,0.4139,0.354457,1
934,794,-594.0987,-976.4344,0.6100,0.4132,0.372758,1
935,800,-3562.6627,-1002.8392,0.6100,0.4124,0.345484,0
936,800,-1208.8022,-932.2072,0.6100,0.4116,0.378373,0
937,800,-1243.2889,-945.2045,0.6000,0.4109,0.420785,0
938,615,-409.2584,-949.1551,0.6100,0.4103,0.427413,1
939,800,-8174.8000,-1031.3507,0.6000,0.4095,0.370346,0
940,800,572.9263,-1007.0006,0.6000,0.4088,0.351799,0
941,166,70.4457,-1001.0872,0.6000,0.4086,0.294400,1
942,524,559.7943,-992.1462,0.6000,0.4081,0.349778,1
943,800,-2578.4598,-1020.4192,0.5900,0.4074,0.390845,0
944,800,-1821.2613,-1032.7530,0.5800,0.4066,0.372429,0
945,800,-4801.9602,-1075.6107,0.5800,0.4058,0.378395,0
946,760,-1628.6255,-1009.5469,0.5900,0.4051,0.422640,1
947,417,5.0906,-994.2332,0.6000,0.4047,0.405854,1
948,800,-8178.4000,-1077.5119,0.5900,0.4040,0.372141,0
949,652,338.6132,-1076.1707,0.6000,0.4033,0.367762,1
950,688,193.5758,-1067.3148,0.6000,0.4027,0.394265,1
951,555,-4.0276,-1067.2093,0.6000,0.4022,0.422663,1
952,732,270.9821,-1037.5193,0.6000,0.4015,0.383181,1
953,503,-468.3583,-1044.3850,0.6000,0.4010,0.308269,1
954,599,-544.9755,-1049.7675,0.6000,0.4004,0.360291,1
955,800,-8174.6000,-1129.9922,0.6000,0.3997,0.382426,0
956,757,613.9364,-1114.3822,0.6100,0.3989,0.432382,1
957,742,-117.6884,-1117.4067,0.6200,0.3982,0.355375,1
958,559,575.6947,-1110.7779,0.6300,0.3977,0.440918,1
959,415,355.3422,-1108.0398,0.6400,0.3973,0.372038,1
960,483,-1221.4913,-1103.1137,0.6400,0.3968,0.362151,1
961,800,-2480.0777,-1127.1177,0.6400,0.3961,0.385370,0
962,775,248.8006,-1040.2747,0.6500,0.3954,0.327480,1
963,345,204.7495,-1038.0442,0.6500,0.3950,0.478236,1
964,761,137.2229,-1038.0426,0.6500,0.3943,0.364553,1
965,800,-1811.8241,-1061.2934,0.6400,0.3935,0.427305,0
966,446,-31.9283,-1061.7998,0.6400,0.3931,0.354431,1
967,547,320.5336,-1059.5046,0.6400,0.3926,0.350417,1
968,590,-743.5755,-1066.1522,0.6400,0.3920,0.348481,1
969,709,116.1155,-1066.2597,0.6400,0.3914,0.465523,1
970,550,-393.4931,-1016.1775,0.6500,0.3908,0.393140,1
971,800,-2936.9488,-1034.2709,0.6400,0.3901,0.354544,0
972,642,16.0238,-1036.0852,0.6400,0.3895,0.394915,1
973,760,-1111.6509,-1049.3944,0.6400,0.3888,0.380150,1
974,527,-7.2845,-1032.1527,0.6500,0.3882,0.401375,1
975,800,-1025.1170,-1043.3523,0.6400,0.3875,0.377809,0
976,583,36.6028,-968.3376,0.6500,0.3869,0.329667,1
977,800,-8176.5000,-1056.1036,0.6500,0.3862,0.427338,0
978,800,-221.7170,-1046.3686,0.6400,0.3854,0.467875,0
979,386,-300.0263,-1042.1176,0.6400,0.3850,0.413724,1
980,509,274.5767,-1039.1195,0.6500,0.3846,0.369433,1
981,634,-5.3921,-1036.6165,0.6500,0.3840,0.358581,1
982,637,-1350.9437,-1051.2553,0.6500,0.3834,0.439633,1
983,629,19.7648,-1050.6555,0.6500,0.3828,0.392668,1
984,400,-123.4547,-1054.8361,0.6600,0.3824,0.464002,1
985,637,105.9429,-1057.5768,0.6600,0.3818,0.403838,1
986,579,25.2461,-1062.1262,0.6700,0.3812,0.396577,1
987,606,-658.9373,-1068.4629,0.6700,0.3806,0.502329,1
988,574,206.9690,-1068.3790,0.6800,0.3801,0.417346,1
989,704,37.0779,-1068.7311,0.6800,0.3794,0.453525,1
990,800,-551.4852,-1076.7474,0.6800,0.3787,0.495935,0
991,525,145.7110,-1073.5903,0.6800,0.3782,0.373612,1
992,800,659.3955,-1066.6554,0.6800,0.3774,0.414748,0
993,577,270.3337,-1044.7477,0.6800,0.3769,0.459002,1
994,467,238.9745,-1047.6334,0.6900,0.3764,0.407868,1
995,781,-150.5759,-1038.4934,0.6900,0.3757,0.402668,1
996,565,57.4322,-1012.1042,0.7000,0.3751,0.465841,1
997,800,-2066.0032,-1032.3562,0.6900,0.3744,0.449454,0
998,800,277.1577,-1035.8919,0.6900,0.3736,0.413731,0
999,631,333.4871,-1032.7196,0.6900,0.3730,0.513419,1
1000,505,-638.6194,-1018.4561,0.6900,0.3725,0.368493,1
1001,800,-84.0305,-1019.5329,0.6800,0.3718,0.411249,0
1002,800,-53.0174,-1020.3699,0.6700,0.3710,0.436432,0
1003,620,-869.8241,-954.3992,0.6800,0.3704,0.434287,1
1004,590,-105.4012,-957.8260,0.6800,0.3699,0.412069,1
1005,511,160.4961,-957.9412,0.6800,0.3694,0.491675,1
1006,762,-3495.9995,-993.3963,0.6900,0.3687,0.339620,1
1007,800,203.2319,-990.9835,0.6800,0.3679,0.403618,0
1008,407,-140.8882,-980.0265,0.6800,0.3675,0.387534,1
1009,613,-99.9234,-908.6280,0.6900,0.3669,0.424150,1
1010,800,106.3016,-897.5095,0.6800,0.3662,0.444864,0
1011,658,238.3186,-885.7493,0.6800,0.3656,0.538535,1
1012,743,-542.5356,-891.2784,0.6900,0.3648,0.424642,1
1013,800,-8155.8000,-968.8462,0.6900,0.3641,0.391330,0
1014,698,-81.4429,-919.6441,0.7000,0.3634,0.473849,1
1015,688,-1406.2418,-936.2661,0.7000,0.3628,0.451085,1
1016,736,123.2661,-937.9826,0.7000,0.3621,0.447650,1
1017,486,-1227.1523,-954.8400,0.7000,0.3616,0.396834,1
1018,800,-5731.1137,-1011.6377,0.6900,0.3609,0.456682,0
1019,512,238.8233,-1002.6098,0.7000,0.3604,0.377571,1
1020,800,-2028.0621,-1025.0495,0.6900,0.3596,0.490457,0
1021,651,97.9548,-1015.8742,0.6900,0.3590,0.392749,1
1022,549,4.3751,-1014.8045,0.6900,0.3585,0.361493,1
1023,728,259.1979,-1014.9400,0.6900,0.3578,0.366551,1
1024,800,-19.0522,-998.1444,0.6800,0.3570,0.421993,0
1025,401,46.0769,-971.5091,0.6900,0.3566,0.458920,1
1026,800,202.0987,-969.4097,0.6800,0.3559,0.406247,0
1027,291,7.9075,-952.0744,0.6800,0.3556,0.376490,1
1028,611,-135.3553,-946.9778,0.6800,0.3550,0.449334,1
1029,800,4.2952,-874.5053,0.6800,0.3543,0.394509,0
1030,773,-2089.2863,-884.9376,0.6900,0.3535,0.448357,1
1031,800,-8173.1000,-966.8568,0.6800,0.3528,0.413260,0
1032,497,-200.7706,-952.0123,0.6900,0.3523,0.461975,1
1033,656,-665.1871,-958.4164,0.6900,0.3517,0.445806,1
1034,678,220.2840,-950.2725,0.6900,0.3510,0.483418,1
1035,678,-1618.6571,-930.8325,0.7000,0.3504,0.545986,1
1036,161,320.7105,-915.5373,0.7100,0.3502,0.461546,1
1037,534,-335.0392,-906.4548,0.7200,0.3497,0.375965,1
1038,800,-3209.0594,-934.4529,0.7100,0.3490,0.426566,0
1039,800,36.5410,-852.3394,0.7100,0.3482,0.456230,0
1040,800,-700.1176,-865.0699,0.7100,0.3474,0.421160,0
1041,800,-8171.4000,-947.4883,0.7000,0.3467,0.376509,0
1042,666,-2125.2218,-974.3385,0.7000,0.3460,0.430243,1
1043,800,-8172.0000,-1030.2739,0.7000,0.3453,0.393695,0
1044,229,335.2514,-1008.7088,0.7100,0.3451,0.352834,1
1045,628,285.6670,-957.8325,0.7200,0.3445,0.437304,1
1046,459,64.7280,-940.8990,0.7200,0.3440,0.376993,1
1047,800,-7422.7313,-1015.1772,0.7100,0.3433,0.451930,0
1048,527,-430.3777,-937.6970,0.7200,0.3428,0.399568,1
1049,500,114.0300,-939.9428,0.7200,0.3423,0.430253,1
1050,476,-509.1454,-946.9700,0.7200,0.3418,0.462185,1
1051,800,-8153.5000,-1028.4647,0.7100,0.3411,0.420689,0
1052,628,51.5628,-1030.6589,0.7100,0.3405,0.423684,1
1053,697,102.3402,-1024.9519,0.7100,0.3398,0.485271,1
1054,636,178.9220,-1017.7130,0.7100,0.3392,0.474942,1
1055,561,317.1116,-932.7959,0.7200,0.3387,0.394265,1
1056,392,-792.1349,-946.8566,0.7200,0.3383,0.410575,1
1057,617,282.9612,-942.8501,0.7200,0.3377,0.539798,1
1058,800,-8153.9000,-1030.1460,0.7100,0.3370,0.462403,0
1059,800,-2279.5217,-1056.4947,0.7000,0.3362,0.435075,0
1060,800,-8150.2000,-1125.7817,0.6900,0.3355,0.455372,0
1061,678,443.2623,-1096.5483,0.7000,0.3348,0.403677,1
1062,800,-1655.8533,-1115.5949,0.6900,0.3340,0.457489,0
1063,273,513.7673,-1112.5047,0.6900,0.3338,0.461327,1
1064,281,37.8280,-1113.4986,0.6900,0.3335,0.454285,1
1065,800,-48.2125,-1095.8625,0.6900,0.3328,0.460448,0
1066,617,139.5830,-1094.1474,0.6900,0.3322,0.512273,1
1067,800,-2949.1399,-1126.8442,0.6800,0.3314,0.467470,0
1068,337,-630.5944,-1125.7143,0.6800,0.3311,0.483489,1
1069,535,362.9999,-1123.2455,0.6800,0.3306,0.459715,1
1070,433,64.2731,-1118.6678,0.6800,0.3302,0.425320,1
1071,773,11.5472,-1089.1829,0.6900,0.3294,0.440046,1
1072,800,-8155.9000,-1170.9021,0.6800,0.3287,0.467320,0
1073,660,-60.0485,-1160.3861,0.6800,0.3281,0.493257,1
1074,564,217.4716,-1158.1385,0.6800,0.3275,0.524930,1
1075,589,611.6397,-1141.7710,0.6900,0.3270,0.465570,1
1076,800,-1605.4568,-1158.1916,0.6800,0.3262,0.420843,0
1077,659,-1729.7415,-1093.7240,0.6900,0.3256,0.494344,1
1078,800,-3304.2235,-1124.5490,0.6900,0.3248,0.517671,0
1079,408,92.1221,-1120.6276,0.6900,0.3244,0.416788,1
1080,590,-382.3571,-1127.1969,0.6900,0.3239,0.501263,1
1081,457,607.1030,-1121.0719,0.6900,0.3234,0.535580,1
1082,800,-4965.8296,-1157.2208,0.6800,0.3227,0.469590,0
1083,800,-2701.0234,-1184.4287,0.6700,0.3219,0.465713,0
1084,662,-970.1094,-1192.8952,0.6700,0.3213,0.495119,1
1085,496,246.5769,-1191.4889,0.6700,0.3208,0.503825,1
1086,559,191.9270,-1189.8221,0.6700,0.3203,0.449249,1
1087,441,273.8951,-1180.4938,0.6700,0.3199,0.453970,1
1088,644,-574.5940,-1188.3094,0.6700,0.3192,0.562379,1
1089,800,-3724.7352,-1225.9275,0.6600,0.3185,0.489015,0
1090,645,644.0738,-1213.9719,0.6700,0.3179,0.455092,1
1091,691,-436.5729,-1219.7948,0.6700,0.3172,0.425581,1
1092,374,48.0260,-1225.9085,0.6800,0.3169,0.502324,1
1093,800,-8265.3000,-1311.2648,0.6700,0.3161,0.490262,0
1094,429,-224.2898,-1315.8974,0.6700,0.3157,0.466237,1
1095,800,-1749.7667,-1331.8894,0.6600,0.3149,0.472756,0
1096,800,-5134.5024,-1383.8087,0.6500,0.3142,0.556323,0
1097,479,53.5478,-1362.6132,0.6600,0.3137,0.509149,1
1098,467,-490.9505,-1370.2943,0.6700,0.3133,0.514260,1
1099,382,265.8736,-1370.9704,0.6700,0.3129,0.497023,1
1100,461,-313.5952,-1367.7202,0.6700,0.3125,0.475820,1
1101,800,148.8305,-1365.3915,0.6700,0.3117,0.409833,0
1102,800,71.0522,-1364.1509,0.6700,0.3110,0.515926,0
1103,800,-350.5413,-1358.9580,0.6600,0.3102,0.452012,0
1104,800,-8338.7000,-1441.2910,0.6500,0.3094,0.473258,0
1105,476,-1036.8663,-1453.2646,0.6500,0.3090,0.612255,1
1106,669,-582.7770,-1424.1324,0.6500,0.3083,0.474951,1
1107,800,175.5780,-1424.4090,0.6500,0.3076,0.507440,0
1108,613,-1252.1729,-1435.5218,0.6500,0.3070,0.416917,1
1109,653,-775.4795,-1442.2774,0.6500,0.3064,0.470822,1
1110,586,-171.9481,-1445.0599,0.6600,0.3058,0.468390,1
1111,571,-859.6037,-1456.0391,0.6600,0.3053,0.536118,1
1112,442,93.0276,-1449.6834,0.6600,0.3049,0.510948,1
1113,619,-738.7321,-1375.5128,0.6700,0.3043,0.484495,1
1114,710,181.3515,-1372.8848,0.6700,0.3036,0.583282,1
1115,559,105.8979,-1357.7634,0.6700,0.3031,0.418448,1
1116,679,103.7841,-1357.9582,0.6700,0.3024,0.476256,1
1117,371,-6.6893,-1345.7536,0.6700,0.3021,0.469100,1
1118,800,258.4474,-1285.8580,0.6700,0.3013,0.443551,0
1119,800,-1653.9062,-1304.7853,0.6600,0.3006,0.525147,0
1120,617,-815.0077,-1292.6548,0.6700,0.3000,0.525663,1
1121,800,-414.4546,-1297.7789,0.6600,0.2992,0.483079,0
1122,583,3.5046,-1297.7876,0.6600,0.2987,0.534520,1
1123,371,-52.9118,-1300.9087,0.6600,0.2983,0.514210,1
1124,781,-1497.6136,-1315.6943,0.6700,0.2976,0.492670,1
1125,691,245.3960,-1313.7011,0.6700,0.2969,0.517159,1
1126,800,-62.8557,-1316.3506,0.6700,0.2961,0.540612,0
1127,489,-60.0694,-1317.0304,0.6700,0.2957,0.566314,1
1128,558,248.9020,-1313.1878,0.6700,0.2952,0.494658,1
1129,800,-57.9662,-1313.8104,0.6700,0.2944,0.411315,0
1130,618,-838.2881,-1301.3004,0.6700,0.2938,0.530959,1
1131,547,382.1914,-1215.7475,0.6800,0.2933,0.544009,1
1132,800,-110.9594,-1214.8494,0.6700,0.2925,0.469304,0
1133,441,286.0960,-1205.3366,0.6700,0.2921,0.485769,1
1134,800,-5479.3559,-1262.3330,0.6600,0.2913,0.575163,0
1135,400,188.9435,-1244.2570,0.6600,0.2910,0.546845,1
1136,488,631.8715,-1241.1454,0.6600,0.2905,0.527992,1
1137,464,635.3438,-1231.4415,0.6600,0.2901,0.565510,1
1138,800,-12.9382,-1199.4803,0.6600,0.2893,0.522070,0
1139,800,-7831.8033,-1278.1638,0.6600,0.2885,0.436438,0
1140,598,-2.6120,-1271.1887,0.6700,0.2880,0.410869,1
1141,400,112.5766,-1188.3490,0.6800,0.2876,0.476598,1
1142,399,-18.4818,-1167.2816,0.6800,0.2872,0.445789,1
1143,436,-121.2417,-1086.7740,0.6900,0.2868,0.435404,1
1144,685,-13.3035,-1090.2595,0.6900,0.2861,0.473590,1
1145,453,234.0287,-1090.7759,0.6900,0.2857,0.495293,1
1146,539,446.4557,-1086.9586,0.6900,0.2852,0.429954,1
1147,433,248.3439,-1010.2479,0.7000,0.2848,0.462000,1
1148,224,206.9569,-1003.8745,0.7000,0.2846,0.496691,1
1149,533,-10.4237,-1005.1191,0.7000,0.2841,0.468557,1
1150,540,717.1645,-992.8560,0.7000,0.2836,0.434065,1
1151,552,336.4503,-907.9565,0.7100,0.2830,0.481514,1
1152,770,228.7299,-906.1848,0.7100,0.2823,0.536226,1
1153,467,11.4111,-907.0941,0.7100,0.2819,0.466887,1
1154,546,-1330.1261,-922.1846,0.7100,0.2813,0.447946,1
1155,785,418.4807,-921.1709,0.7100,0.2806,0.454537,1
1156,650,16.8502,-913.0810,0.7100,0.2800,0.515748,1
1157,779,-46.0097,-916.3707,0.7100,0.2792,0.437664,1
1158,314,76.8677,-834.0631,0.7200,0.2789,0.387202,1
1159,492,108.3471,-810.1844,0.7300,0.2785,0.527255,1
1160,644,-1726.1507,-745.9439,0.7400,0.2779,0.501215,1
1161,511,-7.1589,-750.4481,0.7400,0.2774,0.369505,1
1162,502,264.4983,-731.2446,0.7500,0.2769,0.340133,1
1163,800,-8261.8000,-819.0002,0.7400,0.2761,0.540423,0
1164,800,-88.5196,-820.2637,0.7300,0.2754,0.480107,0
1165,501,18.6494,-819.5951,0.7400,0.2749,0.459161,1
1166,316,-9.6756,-821.0877,0.7400,0.2746,0.456673,1
1167,315,75.2031,-790.8443,0.7500,0.2743,0.539791,1
1168,651,39.3797,-784.1445,0.7500,0.2737,0.524241,1
1169,659,-374.3931,-791.5184,0.7500,0.2731,0.491044,1
1170,733,181.1580,-790.3496,0.7500,0.2724,0.423582,1
1171,537,-1302.7558,-803.4926,0.7500,0.2719,0.476455,1
1172,800,-1038.8472,-732.3221,0.7500,0.2711,0.484979,0
1173,638,-170.5273,-733.4269,0.7500,0.2705,0.523112,1
1174,434,-1.5136,-735.6167,0.7500,0.2701,0.526223,1
1175,520,277.1641,-738.9615,0.7500,0.2696,0.447139,1
1176,563,63.0388,-722.2765,0.7600,0.2690,0.552539,1
1177,800,-1472.4131,-719.7033,0.7500,0.2683,0.519307,0
1178,661,329.6594,-683.3644,0.7600,0.2677,0.421184,1
1179,761,354.3813,-680.7418,0.7600,0.2669,0.505259,1
1180,652,43.7682,-676.4806,0.7600,0.2663,0.463096,1
1181,416,625.3200,-676.2984,0.7600,0.2659,0.453603,1
1182,373,100.1342,-625.6388,0.7700,0.2656,0.410054,1
1183,469,-579.7336,-604.4259,0.7800,0.2651,0.469131,1
1184,780,81.7880,-593.9069,0.7800,0.2644,0.468743,1
1185,800,356.2888,-592.8098,0.7700,0.2636,0.511967,0
1186,725,-1819.3728,-612.9228,0.7700,0.2629,0.460616,1
1187,613,9.5397,-615.5663,0.7700,0.2623,0.457738,1
1188,646,311.8715,-606.7017,0.7700,0.2617,0.422004,1
1189,604,20.4611,-569.2497,0.7800,0.2612,0.500063,1
1190,725,287.1825,-572.8186,0.7800,0.2605,0.460236,1
1191,659,-961.6425,-578.0693,0.7800,0.2598,0.508641,1
1192,800,-8164.3000,-660.1926,0.7700,0.2591,0.541009,0
1193,489,82.9486,-576.7101,0.7800,0.2586,0.572859,1
1194,638,606.2565,-568.4046,0.7800,0.2580,0.509696,1
1195,800,-1769.9486,-568.6065,0.7800,0.2573,0.507138,0
1196,486,188.1062,-515.3804,0.7900,0.2568,0.494041,1
1197,800,-1691.7238,-532.8331,0.7800,0.2560,0.475241,0
1198,491,274.3019,-525.1806,0.7800,0.2556,0.391294,1
1199,579,-765.4996,-535.4943,0.7800,0.2550,0.449996,1
1200,513,191.6419,-530.4419,0.7800,0.2545,0.423783,1
1201,800,-8158.5000,-613.5152,0.7800,0.2538,0.372252,0
1202,281,22.3060,-614.0027,0.7900,0.2535,0.563873,1
1203,444,195.0200,-608.5471,0.8000,0.2531,0.403045,1
1204,427,-880.4417,-533.9645,0.8100,0.2527,0.524227,1
1205,337,-118.5611,-524.7814,0.8100,0.2524,0.511542,1
1206,596,-1106.4429,-530.0181,0.8100,0.2518,0.456375,1
1207,604,203.3476,-529.7404,0.8200,0.2512,0.539422,1
1208,645,474.9073,-512.4696,0.8200,0.2506,0.516483,1
1209,528,23.7163,-504.4776,0.8200,0.2501,0.387395,1
1210,428,348.4404,-499.2738,0.8200,0.2497,0.462013,1
1211,674,54.6543,-490.1312,0.8200,0.2491,0.428304,1
1212,699,168.2651,-489.3788,0.8200,0.2484,0.505177,1
1213,469,315.6394,-478.8351,0.8200,0.2479,0.424372,1
1214,455,231.4395,-478.3342,0.8200,0.2475,0.512867,1
1215,656,-863.1695,-488.0249,0.8200,0.2469,0.508680,1
1216,800,-8154.4000,-570.6067,0.8100,0.2461,0.492365,0
1217,403,104.6156,-569.4937,0.8100,0.2457,0.595529,1
1218,411,-653.3149,-578.6113,0.8200,0.2454,0.426811,1
1219,800,-8226.1000,-644.3332,0.8200,0.2446,0.543955,0
1220,589,74.8408,-635.4348,0.8200,0.2440,0.454518,1
1221,589,-1242.0118,-643.7103,0.8300,0.2435,0.500108,1
1222,800,-54.2325,-644.2877,0.8200,0.2427,0.496624,0
1223,438,150.9178,-642.2494,0.8200,0.2423,0.487549,1
1224,800,-8155.6000,-708.8293,0.8100,0.2415,0.407928,0
1225,522,-245.3474,-713.7367,0.8100,0.2410,0.470437,1
1226,602,122.1676,-711.8865,0.8200,0.2405,0.426368,1
1227,636,-1945.1333,-730.7371,0.8200,0.2399,0.549140,1
1228,619,25.0327,-732.9758,0.8200,0.2393,0.457884,1
1229,800,528.8733,-727.1074,0.8200,0.2385,0.471402,0
1230,800,-4543.9317,-764.1638,0.8100,0.2378,0.448924,0
1231,761,585.2370,-762.1334,0.8100,0.2370,0.430125,1
1232,415,12.4742,-760.8990,0.8200,0.2366,0.545290,1
1233,448,124.0419,-762.5196,0.8200,0.2362,0.489340,1
1234,477,-103.0047,-708.7561,0.8300,0.2358,0.582021,1
1235,501,112.7186,-709.5183,0.8300,0.2353,0.518117,1
1236,572,-1012.2003,-725.9590,0.8300,0.2347,0.493023,1
1237,752,289.6498,-729.4160,0.8300,0.2340,0.408033,1
1238,306,65.4048,-728.6326,0.8400,0.2337,0.435609,1
1239,588,217.9360,-648.1352,0.8500,0.2332,0.465397,1
1240,569,454.6896,-643.5621,0.8500,0.2326,0.536404,1
1241,800,6.0167,-644.6277,0.8400,0.2319,0.495642,0
1242,800,244.2932,-642.0000,0.8300,0.2311,0.479128,0
1243,730,-1841.5896,-659.2035,0.8300,0.2304,0.506313,1
1244,383,205.0952,-657.0195,0.8300,0.2301,0.525953,1
1245,429,-464.7457,-664.0072,0.8300,0.2297,0.476267,1
1246,559,-20.9984,-668.6818,0.8300,0.2291,0.472097,1
1247,457,48.2014,-670.6832,0.8300,0.2287,0.471422,1
1248,785,189.2885,-670.8599,0.8300,0.2279,0.430931,1
1249,688,-1753.7777,-688.2934,0.8300,0.2273,0.519296,1
1250,578,-79.4808,-696.2599,0.8300,0.2267,0.496773,1
1251,800,-8125.7000,-780.8814,0.8200,0.2260,0.505365,0
1252,561,185.5358,-781.3133,0.8200,0.2255,0.441623,1
1253,697,-44.1754,-781.8692,0.8200,0.2248,0.573586,1
1254,691,31.4892,-768.2530,0.8200,0.2241,0.476767,1
1255,288,39.0984,-772.0468,0.8200,0.2239,0.466282,1
1256,708,353.3750,-768.6816,0.8200,0.2232,0.411237,1
1257,600,564.8285,-762.5732,0.8200,0.2226,0.482549,1
1258,540,-35.3879,-763.6958,0.8200,0.2221,0.453714,1
1259,611,-113.0190,-765.9094,0.8200,0.2215,0.475009,1
1260,800,14.2006,-748.5059,0.8100,0.2208,0.410935,0
1261,490,-1526.3954,-763.6983,0.8100,0.2203,0.550235,1
1262,328,118.4217,-765.1591,0.8100,0.2200,0.468138,1
1263,402,229.6131,-680.2449,0.8200,0.2196,0.398802,1
1264,438,158.5911,-677.7738,0.8300,0.2192,0.536886,1
1265,800,-8223.4000,-760.1943,0.8200,0.2184,0.517733,0
1266,535,616.1067,-753.9365,0.8200,0.2179,0.478907,1
1267,530,134.4549,-753.3440,0.8200,0.2174,0.563532,1
1268,361,100.3573,-752.7342,0.8200,0.2171,0.558357,1
1269,272,44.5383,-748.5449,0.8200,0.2168,0.441561,1
1270,282,197.3195,-748.3833,0.8200,0.2165,0.356869,1
1271,402,66.7794,-734.6879,0.8200,0.2162,0.453644,1
1272,464,199.8664,-722.3008,0.8300,0.2157,0.522522,1
1273,518,-168.7148,-722.2827,0.8300,0.2152,0.551589,1
1274,749,-2598.6967,-748.2545,0.8300,0.2145,0.467702,1
1275,331,-6.1119,-751.0872,0.8300,0.2142,0.429966,1
1276,800,-7878.5646,-830.5033,0.8200,0.2134,0.539243,0
1277,426,286.1645,-812.9175,0.8300,0.2130,0.428679,1
1278,543,231.3573,-813.9005,0.8300,0.2125,0.507581,1
1279,349,62.8667,-816.8157,0.8300,0.2122,0.511346,1
1280,487,-154.0782,-818.7941,0.8300,0.2117,0.526073,1
1281,445,-201.3971,-827.0613,0.8300,0.2113,0.548365,1
1282,800,-8112.5000,-909.1876,0.8200,0.2105,0.523106,0
1283,546,-916.5414,-912.5557,0.8200,0.2100,0.395550,1
1284,448,-606.4095,-919.4377,0.8200,0.2096,0.577373,1
1285,344,85.0796,-922.1498,0.8300,0.2093,0.525667,1
1286,354,212.8611,-901.8275,0.8300,0.2089,0.590027,1
1287,800,-8181.7000,-983.7398,0.8200,0.2082,0.566511,0
1288,367,-616.6812,-993.0254,0.8200,0.2078,0.476549,1
1289,508,403.7663,-989.1923,0.8200,0.2073,0.450490,1
1290,588,266.0200,-989.4039,0.8200,0.2068,0.463035,1
1291,770,-1085.2523,-990.6400,0.8200,0.2061,0.538307,1
1292,598,58.2610,-908.4144,0.8300,0.2055,0.547949,1
1293,628,237.6959,-906.8670,0.8300,0.2049,0.394804,1
1294,544,-1100.5915,-923.9354,0.8300,0.2044,0.563468,1
1295,404,-221.9389,-908.4553,0.8400,0.2040,0.453082,1
1296,684,-1107.9619,-921.4160,0.8400,0.2033,0.556434,1
1297,409,204.2373,-902.4564,0.8500,0.2030,0.537140,1
1298,736,-680.5581,-912.0050,0.8500,0.2023,0.479125,1
1299,800,-8152.2000,-985.8720,0.8400,0.2015,0.533374,0
1300,800,-7838.1048,-1066.1695,0.8300,0.2007,0.431467,0
1301,592,-3.1100,-984.6156,0.8400,0.2002,0.541981,1
1302,800,-2292.9946,-1007.7686,0.8300,0.1994,0.545033,0
1303,363,25.1634,-1009.4672,0.8300,0.1991,0.447910,1
1304,540,-1053.5240,-1011.1980,0.8300,0.1986,0.444696,1
1305,626,-849.8602,-1018.5110,0.8300,0.1980,0.429609,1
1306,555,-941.6935,-1016.8635,0.8300,0.1974,0.451943,1
1307,572,306.0293,-1015.8367,0.8300,0.1969,0.484426,1
1308,444,193.2187,-1018.6535,0.8300,0.1965,0.471908,1
1309,679,212.8005,-1016.7627,0.8300,0.1958,0.517170,1
1310,746,516.2708,-1015.0844,0.8300,0.1951,0.473423,1
1311,800,-880.2347,-1024.4333,0.8200,0.1944,0.502423,0
1312,475,33.7799,-1025.7781,0.8200,0.1939,0.416431,1
1313,475,169.4810,-1027.2397,0.8200,0.1935,0.541893,1
1314,535,119.6772,-1028.3574,0.8200,0.1929,0.410330,1
1315,800,-7328.8018,-1093.0137,0.8100,0.1922,0.473643,0
1316,668,38.0167,-1011.0895,0.8200,0.1915,0.532755,1
1317,570,-1149.3881,-1023.6295,0.8200,0.1910,0.468409,1
1318,631,-1781.4421,-1034.9108,0.8200,0.1904,0.562367,1
1319,621,-641.4287,-959.0641,0.8300,0.1898,0.492954,1
1320,499,155.2765,-958.2597,0.8300,0.1893,0.509204,1
1321,800,-8291.6000,-1028.7556,0.8200,0.1886,0.505401,0
1322,493,162.7147,-1026.5862,0.8300,0.1881,0.441478,1
1323,477,206.1465,-1026.0339,0.8300,0.1877,0.420990,1
1324,606,-2095.7945,-965.4358,0.8400,0.1871,0.577995,1
1325,490,558.6130,-957.3962,0.8400,0.1866,0.472965,1
1326,800,-4145.5279,-1000.0732,0.8300,0.1859,0.481892,0
1327,703,5.3012,-980.5688,0.8300,0.1852,0.429644,1
1328,550,10.5966,-980.7132,0.8300,0.1847,0.431222,1
1329,482,89.5522,-985.1064,0.8400,0.1842,0.499913,1
1330,357,120.6092,-938.4610,0.8500,0.1839,0.424280,1
1331,623,286.4099,-941.4493,0.8500,0.1833,0.547619,1
1332,333,163.2281,-939.9417,0.8500,0.1830,0.557574,1
1333,800,-7866.2081,-1019.8442,0.8400,0.1822,0.539408,0
1334,627,-1106.7617,-1029.8818,0.8400,0.1816,0.449660,1
1335,800,-8165.3000,-1112.6620,0.8300,0.1809,0.468576,0
1336,543,103.0529,-1101.5094,0.8300,0.1803,0.517260,1
1337,490,-413.3065,-1108.5390,0.8300,0.1799,0.598269,1
1338,800,-80.1644,-1109.9947,0.8200,0.1791,0.518825,0
1339,421,124.4294,-1110.9298,0.8200,0.1787,0.470651,1
1340,603,-645.6764,-1121.9334,0.8200,0.1781,0.554856,1
1341,553,-710.3426,-1129.0970,0.8300,0.1776,0.506731,1
1342,646,163.9816,-1129.9001,0.8400,0.1770,0.486959,1
1343,613,25.8986,-1111.2252,0.8400,0.1764,0.510434,1
1344,449,420.1905,-1109.0743,0.8400,0.1760,0.555425,1
1345,430,262.6641,-1101.8002,0.8400,0.1756,0.469976,1
1346,324,33.9050,-1101.2512,0.8400,0.1753,0.551153,1
1347,800,-23.1236,-1101.9644,0.8300,0.1745,0.436647,0
1348,495,63.9358,-1103.2179,0.8300,0.1740,0.517698,1
1349,534,-237.7590,-1088.0578,0.8300,0.1735,0.468807,1
1350,456,316.3399,-1084.0995,0.8300,0.1731,0.387312,1
1351,457,321.1237,-999.6313,0.8400,0.1727,0.495365,1
1352,792,267.4317,-998.8123,0.8400,0.1719,0.517476,1
1353,800,-8198.2000,-1080.3526,0.8300,0.1712,0.542980,0
1354,256,197.0918,-1078.6966,0.8300,0.1709,0.357050,1
1355,800,-8174.7000,-1160.8346,0.8200,0.1702,0.520908,0
1356,800,-8184.2000,-1246.2103,0.8100,0.1694,0.475407,0
1357,584,274.8943,-1249.1096,0.8100,0.1688,0.497020,1
1358,613,124.8714,-1247.5071,0.8100,0.1683,0.518025,1
1359,449,6.3727,-1246.3131,0.8100,0.1678,0.550420,1
1360,472,-690.4162,-1253.3593,0.8200,0.1674,0.506643,1
1361,320,-207.8665,-1240.1740,0.8200,0.1671,0.553368,1
1362,550,-79.5123,-1242.1534,0.8200,0.1666,0.455633,1
1363,528,32.8121,-1244.1214,0.8200,0.1661,0.551944,1
1364,448,159.8762,-1244.1085,0.8200,0.1656,0.504217,1
1365,569,66.5981,-1161.2085,0.8300,0.1651,0.591318,1
1366,725,347.0725,-1163.8989,0.8300,0.1644,0.517944,1
1367,558,52.4522,-1164.7189,0.8300,0.1639,0.518636,1
1368,240,54.4771,-1165.1777,0.8300,0.1636,0.529681,1
1369,445,-590.2624,-1171.5257,0.8300,0.1632,0.515327,1
1370,701,-1684.1489,-1190.3404,0.8300,0.1626,0.528224,1
1371,800,-8170.1000,-1272.7092,0.8200,0.1618,0.485019,0
1372,675,-875.5178,-1283.4630,0.8200,0.1611,0.526650,1
1373,800,-8151.7000,-1363.2929,0.8100,0.1604,0.489890,0
1374,800,-2507.1932,-1362.3778,0.8000,0.1596,0.453716,0
1375,297,-12.2062,-1362.4388,0.8000,0.1593,0.576848,1
1376,379,-695.2917,-1290.6061,0.8100,0.1590,0.537745,1
1377,800,523.9072,-1288.2286,0.8000,0.1582,0.498240,0
1378,800,70.3176,-1289.8390,0.7900,0.1575,0.507930,0
1379,543,22.4039,-1290.2437,0.7900,0.1570,0.559652,1
1380,800,25.1293,-1288.4516,0.7800,0.1562,0.474787,0
1381,522,5.5833,-1286.3818,0.7800,0.1557,0.620846,1
1382,521,103.7032,-1204.2197,0.7900,0.1552,0.544786,1
1383,587,-1596.2486,-1211.0168,0.7900,0.1546,0.523434,1
1384,788,113.3218,-1203.8195,0.7900,0.1539,0.507095,1
1385,800,-8156.3000,-1286.2333,0.7800,0.1531,0.526347,0
1386,800,-8123.8000,-1369.5999,0.7700,0.1524,0.475246,0
1387,597,516.1771,-1282.6211,0.7800,0.1518,0.532224,1
1388,539,68.1543,-1275.7728,0.7800,0.1513,0.609936,1
1389,800,-1961.7266,-1299.4277,0.7700,0.1505,0.613039,0
1390,448,-291.4048,-1305.0020,0.7700,0.1501,0.570836,1
1391,432,14.8234,-1294.0012,0.7700,0.1497,0.525642,1
1392,395,61.4288,-1293.9695,0.7700,0.1493,0.447566,1
1393,800,-778.2094,-1304.1286,0.7600,0.1486,0.508377,0
1394,501,158.0995,-1291.5417,0.7600,0.1481,0.490637,1
1395,488,356.8415,-1285.7539,0.7600,0.1476,0.474649,1
1396,536,732.1720,-1267.3525,0.7600,0.1471,0.445507,1
1397,589,-491.9917,-1274.3148,0.7600,0.1466,0.459368,1
1398,317,63.0953,-1266.8783,0.7600,0.1463,0.626460,1
1399,665,-1617.5680,-1201.5320,0.7700,0.1456,0.494832,1
1400,360,40.0990,-1122.7499,0.7800,0.1453,0.504299,1
1401,800,-1670.5188,-1139.4240,0.7700,0.1445,0.467938,0
1402,572,612.8273,-1110.3658,0.7800,0.1440,0.543318,1
1403,513,59.9222,-1110.0182,0.7800,0.1435,0.504541,1
1404,416,-168.8712,-1101.1717,0.7800,0.1431,0.507309,1
1405,729,331.2636,-1089.3604,0.7800,0.1424,0.545647,1
1406,695,-1427.2667,-1094.2162,0.7800,0.1417,0.497032,1
1407,729,201.4326,-1095.2621,0.7800,0.1410,0.554389,1
1408,328,139.5804,-1095.7985,0.7800,0.1407,0.493974,1
1409,338,476.1920,-1093.1646,0.7800,0.1404,0.470349,1
1410,582,-200.2502,-1100.3298,0.7800,0.1399,0.523091,1
1411,200,181.1657,-1089.7158,0.7900,0.1397,0.528131,1
1412,800,224.4058,-1087.8096,0.7800,0.1389,0.524588,0
1413,615,163.3852,-1087.8705,0.7800,0.1383,0.524370,1
1414,358,59.6478,-1088.4708,0.7800,0.1380,0.563928,1
1415,229,161.5667,-1013.5671,0.7900,0.1378,0.524099,1
1416,584,316.1317,-1010.7860,0.7900,0.1372,0.485873,1
1417,570,-993.4601,-1009.2267,0.7900,0.1367,0.475673,1
1418,563,19.1956,-991.2203,0.7900,0.1361,0.437726,1
1419,800,-5057.2409,-1035.3784,0.7800,0.1354,0.494532,0
1420,378,277.2783,-1034.1584,0.7800,0.1350,0.552616,1
1421,517,64.8718,-950.5937,0.7900,0.1345,0.517957,1
1422,389,589.3093,-946.3278,0.7900,0.1342,0.487377,1
1423,800,-71.3058,-949.1023,0.7800,0.1334,0.483045,0
1424,627,108.4128,-927.0602,0.7800,0.1328,0.512405,1
1425,448,542.9933,-927.2164,0.7800,0.1324,0.486064,1
1426,607,35.2438,-885.4087,0.7900,0.1318,0.438661,1
1427,555,254.6024,-882.9157,0.7900,0.1313,0.513259,1
1428,452,-605.5262,-889.0769,0.7900,0.1308,0.529208,1
1429,800,-1709.0452,-907.0629,0.7800,0.1301,0.424834,0
1430,413,2.2372,-908.2466,0.7800,0.1297,0.468500,1
1431,306,92.7033,-910.1837,0.7800,0.1294,0.562454,1
1432,591,265.6026,-909.1599,0.7800,0.1288,0.433753,1
1433,424,24.2857,-830.2550,0.7900,0.1284,0.541319,1
1434,465,-682.9511,-826.0169,0.7900,0.1280,0.505468,1
1435,377,354.2115,-740.8218,0.8000,0.1276,0.528899,1
1436,429,524.1139,-736.6111,0.8000,0.1272,0.553556,1
1437,486,53.2263,-731.9458,0.8000,0.1268,0.561823,1
1438,800,147.4209,-729.6700,0.8000,0.1260,0.533649,0
1439,484,271.6225,-728.1980,0.8000,0.1255,0.547920,1
1440,650,-1056.7062,-732.3083,0.8000,0.1249,0.431422,1
1441,684,483.5641,-720.3693,0.8000,0.1243,0.464921,1
1442,421,244.0495,-719.5686,0.8000,0.1239,0.502047,1
1443,676,-993.4606,-729.7622,0.8000,0.1232,0.547202,1
1444,558,463.7097,-729.3270,0.8000,0.1227,0.503809,1
1445,465,-701.7661,-738.9713,0.8000,0.1223,0.468326,1
1446,800,-8181.1000,-821.1213,0.7900,0.1215,0.464966,0
1447,800,-8157.3000,-902.4631,0.7900,0.1207,0.473902,0
1448,454,74.8805,-902.3537,0.7900,0.1203,0.581272,1
1449,800,26.3209,-899.7129,0.7800,0.1196,0.529215,0
1450,574,476.7873,-898.1084,0.7800,0.1190,0.464347,1
1451,490,237.6545,-898.9431,0.7800,0.1185,0.478701,1
1452,790,-24.4192,-901.8616,0.7800,0.1178,0.586846,1
1453,422,171.1467,-818.1681,0.7900,0.1174,0.439228,1
1454,603,-477.1186,-824.9102,0.7900,0.1168,0.551147,1
1455,315,102.6231,-742.1370,0.8000,0.1165,0.515988,1
1456,487,23.2272,-660.0627,0.8100,0.1161,0.575921,1
1457,546,15.7461,-662.6542,0.8100,0.1155,0.406660,1
1458,407,41.2716,-663.4902,0.8100,0.1152,0.607448,1
1459,426,26.9271,-663.2847,0.8100,0.1148,0.540526,1
1460,661,277.4174,-653.6063,0.8100,0.1141,0.478687,1
1461,519,229.1345,-649.2363,0.8100,0.1136,0.563261,1
1462,469,83.2711,-647.6085,0.8100,0.1132,0.356316,1
1463,434,280.1667,-645.1349,0.8100,0.1128,0.510103,1
1464,538,-668.6391,-653.4201,0.8100,0.1123,0.535222,1
1465,586,-728.1616,-661.3677,0.8100,0.1117,0.510937,1
1466,643,-344.8713,-668.2871,0.8100,0.1111,0.500886,1
1467,432,31.3295,-668.4983,0.8100,0.1107,0.534095,1
1468,650,-368.9396,-672.7325,0.8100,0.1101,0.557199,1
1469,275,74.4945,-666.0849,0.8100,0.1098,0.426790,1
1470,398,86.9276,-648.3742,0.8100,0.1094,0.555574,1
1471,725,388.1870,-562.7913,0.8200,0.1087,0.510000,1
1472,436,443.2291,-549.6038,0.8200,0.1083,0.478109,1
1473,370,76.3108,-467.3237,0.8300,0.1080,0.486668,1
1474,246,76.9766,-441.4820,0.8400,0.1077,0.657729,1
1475,315,250.6961,-438.8530,0.8400,0.1074,0.548390,1
1476,283,246.0687,-429.4394,0.8400,0.1072,0.463545,1
1477,383,350.3249,-431.1752,0.8500,0.1068,0.521720,1
1478,800,85.6320,-431.0221,0.8500,0.1060,0.558473,0
1479,430,9.0270,-431.1559,0.8500,0.1056,0.499202,1
1480,610,-653.7709,-437.9449,0.8600,0.1051,0.561975,1
1481,269,123.1199,-436.7695,0.8600,0.1048,0.553636,1
1482,800,-8133.9000,-519.1455,0.8500,0.1040,0.504400,0
1483,481,158.7674,-501.5954,0.8500,0.1036,0.561981,1
1484,793,-1687.5164,-519.6037,0.8500,0.1028,0.478231,1
1485,244,156.8829,-436.4719,0.8600,0.1026,0.396748,1
1486,693,14.1627,-355.0923,0.8700,0.1019,0.622681,1
1487,731,101.9754,-359.2343,0.8700,0.1012,0.443079,1
1488,683,-1114.0230,-371.0561,0.8700,0.1006,0.545148,1
1489,479,277.4430,-348.6644,0.8800,0.1001,0.484566,1
1490,112,70.9152,-345.0412,0.8800,0.1000,0.448870,1
1491,453,265.3932,-342.5355,0.8800,0.0996,0.521185,1
1492,516,-732.1454,-350.4712,0.8800,0.0991,0.411406,1
1493,655,-729.7209,-349.9863,0.8900,0.0985,0.584936,1
1494,792,-3100.6449,-382.5738,0.8900,0.0977,0.527594,1
1495,477,27.6550,-385.8657,0.8900,0.0973,0.459026,1
1496,800,-8147.3000,-474.6604,0.8800,0.0965,0.460107,0
1497,454,742.0995,-462.3195,0.8800,0.0961,0.352654,1
1498,800,-8136.9000,-544.3194,0.8700,0.0953,0.540137,0
1499,590,581.2829,-522.3309,0.8700,0.0948,0.526996,1
1500,402,-26.6069,-522.9980,0.8700,0.0944,0.466207,1
1501,590,575.0220,-500.5426,0.8800,0.0938,0.494298,1
1502,709,-703.6902,-513.7077,0.8800,0.0932,0.436041,1
1503,609,-29.4296,-514.6012,0.8800,0.0926,0.533050,1
1504,586,39.2999,-512.5195,0.8800,0.0920,0.466478,1
1505,561,246.4994,-513.3672,0.8800,0.0915,0.547289,1
1506,661,-63.3023,-499.7275,0.8800,0.0909,0.555821,1
1507,494,247.7795,-499.2641,0.8800,0.0904,0.539358,1
1508,574,-1037.7419,-511.0373,0.8800,0.0898,0.552605,1
1509,568,116.6623,-514.6326,0.8800,0.0893,0.505294,1
1510,496,17.3497,-512.4566,0.8800,0.0888,0.415917,1
1511,800,-8162.3000,-595.8912,0.8700,0.0881,0.498921,0
1512,407,561.7722,-592.5176,0.8800,0.0877,0.578536,1
1513,800,-8164.8000,-675.7994,0.8700,0.0869,0.601289,0
1514,780,-4119.2453,-717.5884,0.8700,0.0862,0.531249,1
1515,800,572.0441,-713.4836,0.8600,0.0854,0.458156,0
1516,756,-64.5394,-717.2903,0.8600,0.0847,0.458308,1
1517,339,622.0437,-701.1353,0.8600,0.0844,0.680619,1
1518,420,97.4215,-700.3530,0.8600,0.0840,0.479938,1
1519,763,-1003.6183,-659.8168,0.8700,0.0833,0.481765,1
1520,612,125.5523,-661.3340,0.8700,0.0827,0.519110,1
1521,382,222.8521,-659.7542,0.8700,0.0823,0.492934,1
1522,299,580.4486,-659.8428,0.8700,0.0820,0.521794,1
1523,255,725.2804,-651.8770,0.8800,0.0818,0.406586,1
1524,722,-312.6231,-656.0873,0.8800,0.0811,0.547216,1
1525,395,90.1178,-660.6161,0.8800,0.0807,0.571843,1
1526,480,-1491.5474,-675.8840,0.8800,0.0803,0.507575,1
1527,469,52.1604,-677.9084,0.8800,0.0798,0.522947,1
1528,411,-55.9029,-672.4122,0.8800,0.0794,0.534687,1
1529,571,-314.5566,-658.4673,0.8900,0.0789,0.521365,1
1530,421,290.5848,-655.5838,0.8900,0.0785,0.445414,1
1531,382,612.4688,-650.3862,0.8900,0.0781,0.646941,1
1532,564,-1063.2147,-663.6743,0.8900,0.0776,0.495924,1
1533,417,267.7465,-661.2397,0.8900,0.0772,0.518245,1
1534,800,-1714.5620,-671.5558,0.8800,0.0764,0.512509,0
1535,505,150.8786,-673.5892,0.8800,0.0760,0.454045,1
1536,424,-233.4784,-681.1651,0.8800,0.0756,0.532151,1
1537,391,42.5312,-681.2721,0.8800,0.0752,0.477545,1
1538,504,518.0501,-677.5658,0.8900,0.0747,0.619602,1
1539,622,27.5424,-680.0066,0.8900,0.0741,0.434408,1
1540,431,65.8955,-668.7805,0.8900,0.0737,0.395709,1
1541,419,273.6823,-670.8794,0.8900,0.0733,0.559304,1
1542,666,56.5782,-672.7541,0.8900,0.0727,0.518585,1
1543,419,-433.2128,-667.1516,0.8900,0.0723,0.615275,1
1544,563,103.7865,-670.7508,0.8900,0.0717,0.618490,1
1545,243,60.1611,-663.1316,0.8900,0.0715,0.529064,1
1546,267,197.9318,-579.3412,0.9000,0.0713,0.472791,1
